-- phpMyAdmin SQL Dump
-- version 4.6.4
-- https://www.phpmyadmin.net/
--
-- Client :  127.0.0.1
-- Généré le :  Jeu 28 Mars 2019 à 18:42
-- Version du serveur :  5.7.14
-- Version de PHP :  5.6.25

SET SQL_MODE = "NO_AUTO_VALUE_ON_ZERO";
SET time_zone = "+00:00";


/*!40101 SET @OLD_CHARACTER_SET_CLIENT=@@CHARACTER_SET_CLIENT */;
/*!40101 SET @OLD_CHARACTER_SET_RESULTS=@@CHARACTER_SET_RESULTS */;
/*!40101 SET @OLD_COLLATION_CONNECTION=@@COLLATION_CONNECTION */;
/*!40101 SET NAMES utf8mb4 */;

--
-- Base de données :  `urbexblog`
--

-- --------------------------------------------------------

--
-- Structure de la table `image_item`
--

CREATE TABLE `image_item` (
  `id` int(11) NOT NULL,
  `title` text NOT NULL,
  `alt` text NOT NULL,
  `link` text NOT NULL
) ENGINE=InnoDB DEFAULT CHARSET=latin1;

--
-- Contenu de la table `image_item`
--

INSERT INTO `image_item` (`id`, `title`, `alt`, `link`) VALUES
(1, 'La Rotonde', 'Hangar abandonné de réparation des trains SNCF', 'https://france3-regions.francetvinfo.fr/hauts-de-france/sites/regions_france3/files/styles/top_big/public/assets/images/2015/06/22/rotonde_de_laon.jpg?itok=uLmTuTtP'),
(2, 'Le Château Markus', 'Château et hôpital psychatrique abandonné au coeur de la forêt', 'http://www.oliviercretinphotographie.com/wp-content/uploads/ngg_featured/Chateau%20du%20chevalier%20-%20Chevalier%20gothique%20sur%20les%20bords__DSC0798.jpg'),
(3, 'Le Fort de Loyasse', 'Fort de guerre lyonnais abandonné', 'https://tdjournaisme1.files.wordpress.com/2014/04/fort_loyasse_02.jpg'),
(4, 'Le Lavoir Chavannes', 'Lavoir à charbon abandonné', 'https://upload.wikimedia.org/wikipedia/commons/thumb/a/a7/Lavoir_Chavannes_Montceau_Mines_3.jpg/260px-Lavoir_Chavannes_Montceau_Mines_3.jpg'),
(5, 'Sanatorium CHM', 'Sanatorium CHM', 'http://onceuponaplace.eu/sites/default/files/public/sanatorium_chm_03.jpg'),
(6, 'Cimenterie Vertige', 'Carrière de ciment avec son usine de traitement', 'http://www.urban-exploration.com/images/carriere/grenoble_ciment_08.jpg'),
(8, 'Village abandonné', 'Village abandonné', 'https://i.ytimg.com/vi/vQ03t3HRkTU/maxresdefault.jpg');

-- --------------------------------------------------------

--
-- Structure de la table `image_user`
--

CREATE TABLE `image_user` (
  `id` int(11) NOT NULL,
  `title` text NOT NULL,
  `alt` text NOT NULL,
  `image_user` text NOT NULL
) ENGINE=InnoDB DEFAULT CHARSET=latin1;

--
-- Contenu de la table `image_user`
--

INSERT INTO `image_user` (`id`, `title`, `alt`, `image_user`) VALUES
(1, 'Image de profil', 'Image de profil du compte par defaut', 'http://s3.amazonaws.com/hiq-images/users/avatar640.png'),
(2, 'Image de profil de Pickles', 'Image de profil du compte utilisateur: Pickles', 'https://www.codeur.com/system/user_profiles/avatars/000/283/497/large/avatar.jpg?1540543596');

-- --------------------------------------------------------

--
-- Structure de la table `item`
--

CREATE TABLE `item` (
  `id` int(11) NOT NULL,
  `name` text NOT NULL,
  `short_description` text NOT NULL,
  `long_description` longtext NOT NULL,
  `publish_date` date NOT NULL,
  `author` int(11) NOT NULL,
  `type` int(11) NOT NULL,
  `image` int(11) NOT NULL
) ENGINE=InnoDB DEFAULT CHARSET=latin1;

--
-- Contenu de la table `item`
--

INSERT INTO `item` (`id`, `name`, `short_description`, `long_description`, `publish_date`, `author`, `type`, `image`) VALUES
(1, 'La Rotonde', 'This is a wider card with supporting text below as a natural lead-in to additional content. This content is a little bit longer.', 'Quam ob rem vita quidem talis fuit vel fortuna vel gloria, ut nihil posset accedere, moriendi autem sensum celeritas abstulit; quo de genere mortis difficile dictu est; quid homines suspicentur, videtis; hoc vere tamen licet dicere, P. Scipioni ex multis diebus, quos in vita celeberrimos laetissimosque viderit, illum diem clarissimum fuisse, cum senatu dimisso domum reductus ad vesperum est a patribus conscriptis, populo Romano, sociis et Latinis, pridie quam excessit e vita, ut ex tam alto dignitatis gradu ad superos videatur deos potius quam ad inferos pervenisse.\n\nFuerit toto in consulatu sine provincia, cui fuerit, antequam designatus est, decreta provincia. Sortietur an non? Nam et non sortiri absurdum est, et, quod sortitus sis, non habere. Proficiscetur paludatus? Quo? Quo pervenire ante certam diem non licebit. ianuario, Februario, provinciam non habebit; Kalendis ei denique Martiis nascetur repente provincia.\n\nQuanta autem vis amicitiae sit, ex hoc intellegi maxime potest, quod ex infinita societate generis humani, quam conciliavit ipsa natura, ita contracta res est et adducta in angustum ut omnis caritas aut inter duos aut inter paucos iungeretur.', '2019-01-07', 1, 1, 1),
(2, 'Le Château Markus', 'This is a wider card with supporting text below as a natural lead-in to additional content. This content is a little bit longer.', 'Quam ob rem vita quidem talis fuit vel fortuna vel gloria, ut nihil posset accedere, moriendi autem sensum celeritas abstulit; quo de genere mortis difficile dictu est; quid homines suspicentur, videtis; hoc vere tamen licet dicere, P. Scipioni ex multis diebus, quos in vita celeberrimos laetissimosque viderit, illum diem clarissimum fuisse, cum senatu dimisso domum reductus ad vesperum est a patribus conscriptis, populo Romano, sociis et Latinis, pridie quam excessit e vita, ut ex tam alto dignitatis gradu ad superos videatur deos potius quam ad inferos pervenisse.\r\n\r\nFuerit toto in consulatu sine provincia, cui fuerit, antequam designatus est, decreta provincia. Sortietur an non? Nam et non sortiri absurdum est, et, quod sortitus sis, non habere. Proficiscetur paludatus? Quo? Quo pervenire ante certam diem non licebit. ianuario, Februario, provinciam non habebit; Kalendis ei denique Martiis nascetur repente provincia.\r\n\r\nQuanta autem vis amicitiae sit, ex hoc intellegi maxime potest, quod ex infinita societate generis humani, quam conciliavit ipsa natura, ita contracta res est et adducta in angustum ut omnis caritas aut inter duos aut inter paucos iungeretur.', '2019-01-06', 1, 1, 2),
(3, 'Le Fort de Loyasse', 'This is a wider card with supporting text below as a natural lead-in to additional content. This content is a little bit longer.', 'Quam ob rem vita quidem talis fuit vel fortuna vel gloria, ut nihil posset accedere, moriendi autem sensum celeritas abstulit; quo de genere mortis difficile dictu est; quid homines suspicentur, videtis; hoc vere tamen licet dicere, P. Scipioni ex multis diebus, quos in vita celeberrimos laetissimosque viderit, illum diem clarissimum fuisse, cum senatu dimisso domum reductus ad vesperum est a patribus conscriptis, populo Romano, sociis et Latinis, pridie quam excessit e vita, ut ex tam alto dignitatis gradu ad superos videatur deos potius quam ad inferos pervenisse.\r\n\r\nFuerit toto in consulatu sine provincia, cui fuerit, antequam designatus est, decreta provincia. Sortietur an non? Nam et non sortiri absurdum est, et, quod sortitus sis, non habere. Proficiscetur paludatus? Quo? Quo pervenire ante certam diem non licebit. ianuario, Februario, provinciam non habebit; Kalendis ei denique Martiis nascetur repente provincia.\r\n\r\nQuanta autem vis amicitiae sit, ex hoc intellegi maxime potest, quod ex infinita societate generis humani, quam conciliavit ipsa natura, ita contracta res est et adducta in angustum ut omnis caritas aut inter duos aut inter paucos iungeretur.', '2019-01-08', 3, 2, 3),
(4, 'Le Lavoir Chavannes', 'This is a wider card with supporting text below as a natural lead-in to additional content. This content is a little bit longer.', 'Quam ob rem vita quidem talis fuit vel fortuna vel gloria, ut nihil posset accedere, moriendi autem sensum celeritas abstulit; quo de genere mortis difficile dictu est; quid homines suspicentur, videtis; hoc vere tamen licet dicere, P. Scipioni ex multis diebus, quos in vita celeberrimos laetissimosque viderit, illum diem clarissimum fuisse, cum senatu dimisso domum reductus ad vesperum est a patribus conscriptis, populo Romano, sociis et Latinis, pridie quam excessit e vita, ut ex tam alto dignitatis gradu ad superos videatur deos potius quam ad inferos pervenisse.\r\n\r\nFuerit toto in consulatu sine provincia, cui fuerit, antequam designatus est, decreta provincia. Sortietur an non? Nam et non sortiri absurdum est, et, quod sortitus sis, non habere. Proficiscetur paludatus? Quo? Quo pervenire ante certam diem non licebit. ianuario, Februario, provinciam non habebit; Kalendis ei denique Martiis nascetur repente provincia.\r\n\r\nQuanta autem vis amicitiae sit, ex hoc intellegi maxime potest, quod ex infinita societate generis humani, quam conciliavit ipsa natura, ita contracta res est et adducta in angustum ut omnis caritas aut inter duos aut inter paucos iungeretur.', '2019-01-12', 1, 1, 4),
(5, 'Sanatorium CHM', 'Ancien sanatorium, ou hôpital contre la tuberculose', 'Pulsatae misisse qua artibus aperte lege caput lege ignavia suffragatione aperte absolvi artibus rettulimus ut caput an ut in iure duce Phoenice ex qua caput operiebat cuius absolvi cuius Phoenice rettulimus suum artibus ante portenderetur qua tempore pulsatae operiebat reus duce ante postulatus portenderetur expresse incantato aperte tempore cunctum ex incantato Phoenice ad imperii et fatidicum familiarem Serenianus potuit operiebat reus absolvi ac iure an quo ut tempore Phoenice in potuit incantato Phoenice operiebat misisse qua quo iure ante aperte duce ut artibus et absolvi ei fatidicum expresse ignavia ac misisse incantato firmum Serenianus templum incertum ei expresse operiebat potuit.', '2019-01-18', 1, 1, 5),
(6, 'Cimenterie Vertige', 'Carrière de ciment avec son usine de traitement', 'Atque et fuisse bellisque custodita signis Quae suis postea et in ornatissimam affervescentem postea et illi inquam sustinerent custodita et urbis erumpentem urbis fuisse suis omnis exhausti in custodita interclusum Mithridaticos Mithridaticos Byzantiorum signa custodita tenuerunt ornatissimam vero urbis impetus vero Byzantiorum ignorat Pontum illa interclusum armatum sustinerent Byzantiorum bellisque atque ornanemta postea Pontum repulsum reliqua vero Mithridaticos sustinerent omnis illa illa vero urbem impetus reliqua et Pontum signa affervescentem affervescentem in quis et reliqua postea armatum armatum Byzantii maximis signis sustinerent repulsum exhausti reliqua exhausti cervicibus vero Mithridaticos postea cum urbem Mithridaticos interclusum tenuerunt ore ornatissimam inquam postea sustinerent.\r\n\r\n', '2019-01-16', 1, 2, 6),
(7, 'Village abandonné', 'This is a wider card with supporting text below as a natural lead-in to additional content. This content is a little bit longer.', 'Quam ob rem vita quidem talis fuit vel fortuna vel gloria, ut nihil posset accedere, moriendi autem sensum celeritas abstulit; quo de genere mortis difficile dictu est; quid homines suspicentur, videtis; hoc vere tamen licet dicere, P. Scipioni ex multis diebus, quos in vita celeberrimos laetissimosque viderit, illum diem clarissimum fuisse, cum senatu dimisso domum reductus ad vesperum est a patribus conscriptis, populo Romano, sociis et Latinis, pridie quam excessit e vita, ut ex tam alto dignitatis gradu ad superos videatur deos potius quam ad inferos pervenisse.\n\nFuerit toto in consulatu sine provincia, cui fuerit, antequam designatus est, decreta provincia. Sortietur an non? Nam et non sortiri absurdum est, et, quod sortitus sis, non habere. Proficiscetur paludatus? Quo? Quo pervenire ante certam diem non licebit. ianuario, Februario, provinciam non habebit; Kalendis ei denique Martiis nascetur repente provincia.\n\nQuanta autem vis amicitiae sit, ex hoc intellegi maxime potest, quod ex infinita societate generis humani, quam conciliavit ipsa natura, ita contracta res est et adducta in angustum ut omnis caritas aut inter duos aut inter paucos iungeretur.', '2019-03-28', 1, 1, 8);

-- --------------------------------------------------------

--
-- Structure de la table `like_system`
--

CREATE TABLE `like_system` (
  `id` int(11) NOT NULL,
  `author` int(11) NOT NULL,
  `item` int(11) NOT NULL,
  `like_date` varchar(64) NOT NULL
) ENGINE=InnoDB DEFAULT CHARSET=latin1;

--
-- Contenu de la table `like_system`
--

INSERT INTO `like_system` (`id`, `author`, `item`, `like_date`) VALUES
(27, 1, 4, '2019-03-26'),
(29, 1, 6, '2019-03-26'),
(35, 1005, 3, '2019-03-26'),
(39, 1005, 6, '2019-03-26'),
(40, 1005, 5, '2019-03-26'),
(41, 1, 1, '2019-03-27'),
(46, 1, 5, '2019-03-28'),
(47, 1, 7, '2019-03-28');

-- --------------------------------------------------------

--
-- Structure de la table `rank`
--

CREATE TABLE `rank` (
  `id` int(11) NOT NULL,
  `title` text NOT NULL,
  `right_write` tinyint(1) NOT NULL,
  `right_admin` tinyint(1) NOT NULL
) ENGINE=InnoDB DEFAULT CHARSET=latin1;

--
-- Contenu de la table `rank`
--

INSERT INTO `rank` (`id`, `title`, `right_write`, `right_admin`) VALUES
(1, 'Membre', 0, 0),
(2, 'Rédacteur', 1, 0),
(3, 'Administrateur', 1, 1);

-- --------------------------------------------------------

--
-- Structure de la table `type`
--

CREATE TABLE `type` (
  `id` int(11) NOT NULL,
  `title` text NOT NULL,
  `icon` text NOT NULL
) ENGINE=InnoDB DEFAULT CHARSET=latin1;

--
-- Contenu de la table `type`
--

INSERT INTO `type` (`id`, `title`, `icon`) VALUES
(1, 'Urbex', 'fas fa-house-damage'),
(2, 'Souterrain', 'fas fa-dungeon');

-- --------------------------------------------------------

--
-- Structure de la table `user`
--

CREATE TABLE `user` (
  `id` int(11) NOT NULL,
  `pseudo` text NOT NULL,
  `email` text NOT NULL,
  `name` text,
  `firstname` text,
  `password` longtext NOT NULL,
  `description` longtext,
  `instagram` text,
  `newsletter` tinyint(1) NOT NULL DEFAULT '1',
  `rank` int(11) NOT NULL DEFAULT '1',
  `image` int(11) NOT NULL DEFAULT '1'
) ENGINE=InnoDB DEFAULT CHARSET=latin1;

--
-- Contenu de la table `user`
--

INSERT INTO `user` (`id`, `pseudo`, `email`, `name`, `firstname`, `password`, `description`, `instagram`, `newsletter`, `rank`, `image`) VALUES
(1, 'Pickles', 'steven.douillet@gmail.com', 'douillet', 'steven', '$2y$10$G4Ju7yKgCP679hf2qO0ege3D84y2tP3ExBxe425IRvrdGHnf9nLzS', 'Rédacteur et développeur principal de urbexarts.fr', 'steven.fr.dlt', 1, 3, 2),
(3, 'Coyote', 'coyote@gmail.com', '', '', '$2y$10$ZTR6YTasnDbLIlJL.OTNQuJPAwgpdNdlpo7YOLgKaQpwtyWCupAjq', '', '', 1, 2, 1),
(4, 'ghemshall0', 'ghemshall0@archive.org', 'Hemshall', 'Gerek', 'ZvnP5wDdx97O', NULL, NULL, 1, 1, 1),
(5, 'bboullen1', 'bboullen1@tinyurl.com', 'Boullen', 'Bentlee', '8BRQmN', NULL, NULL, 1, 1, 1),
(6, 'jcripin2', 'jcripin2@admin.ch', 'Cripin', 'Jocelyne', 'M6ZjUbC', NULL, NULL, 1, 1, 1),
(7, 'edrewclifton3', 'edrewclifton3@friendfeed.com', 'Drew-Clifton', 'Elvin', 'oDdhFTw', NULL, NULL, 1, 1, 1),
(8, 'epaddick4', 'epaddick4@amazon.co.uk', 'Paddick', 'Edi', 'i3wj4F8dRAPF', NULL, NULL, 1, 1, 1),
(9, 'apittendreigh5', 'apittendreigh5@imageshack.us', 'Pittendreigh', 'Aarika', 'sItT9uNwSYq', NULL, NULL, 1, 1, 1),
(10, 'mpincott6', 'mpincott6@timesonline.co.uk', 'Pincott', 'Montague', 'GGrIC5', NULL, NULL, 1, 1, 1),
(11, 'gfey7', 'gfey7@prnewswire.com', 'Fey', 'Gwenette', 'cfroFybQ3', NULL, NULL, 1, 1, 1),
(12, 'ehaggerston8', 'ehaggerston8@si.edu', 'Haggerston', 'Evangelina', 'jX2SFeQuDpvX', NULL, NULL, 1, 1, 1),
(13, 'lpancoast9', 'lpancoast9@linkedin.com', 'Pancoast', 'Lydon', 'iJSrFV6auz', NULL, NULL, 1, 1, 1),
(14, 'fpennia', 'fpennia@senate.gov', 'Penni', 'Felizio', 'rPV3veMk', NULL, NULL, 1, 1, 1),
(15, 'dflawithb', 'dflawithb@reddit.com', 'Flawith', 'Daniela', 'v8D4HP8l', NULL, NULL, 1, 1, 1),
(16, 'dstledgerc', 'dstledgerc@drupal.org', 'St Ledger', 'Daisey', 'bQQxwfStJg', NULL, NULL, 1, 1, 1),
(17, 'idyched', 'idyched@alexa.com', 'Dyche', 'Izzy', 'RTWpn3wwtL5r', NULL, NULL, 1, 1, 1),
(18, 'awelfaree', 'awelfaree@nyu.edu', 'Welfare', 'Alfy', 'v7iWnQ', NULL, NULL, 1, 1, 1),
(20, 'mhampeg', 'mhampeg@examiner.com', 'Hampe', 'Malvina', 'JFUNMAlk', NULL, NULL, 1, 1, 1),
(21, 'hravillash', 'hravillash@facebook.com', 'Ravillas', 'Helene', 'BX8M9BvYB1p', NULL, NULL, 1, 1, 1),
(22, 'bmoseyi', 'bmoseyi@sfgate.com', 'Mosey', 'Binnie', 'uvjNETzSa', NULL, NULL, 1, 1, 1),
(23, 'fbrooksbankj', 'fbrooksbankj@amazonaws.com', 'Brooksbank', 'Fred', 'tFsDVq', NULL, NULL, 1, 1, 1),
(24, 'chargiek', 'chargiek@wikipedia.org', 'Hargie', 'Chiarra', 'SmT8KIO', NULL, NULL, 1, 1, 1),
(26, 'vnazaretm', 'vnazaretm@instagram.com', 'Nazaret', 'Vannie', 'BNp1j0cu1ax', NULL, NULL, 1, 1, 1),
(27, 'hillyesn', 'hillyesn@livejournal.com', 'Illyes', 'Hildy', 'h85Y27A8k', NULL, NULL, 1, 1, 1),
(28, 'tcalcrafto', 'tcalcrafto@google.it', 'Calcraft', 'Timi', 'ghHQ2babbnd3', NULL, NULL, 1, 1, 1),
(29, 'hblakelockp', 'hblakelockp@tumblr.com', 'Blakelock', 'Hamnet', '1ziy6J', NULL, NULL, 1, 1, 1),
(30, 'qvansaltsbergq', 'qvansaltsbergq@lulu.com', 'Van Saltsberg', 'Queenie', '6c9fLhtMVXa', NULL, NULL, 1, 1, 1),
(31, 'bayrsr', 'bayrsr@51.la', 'Ayrs', 'Blinni', 'gvA5upgYpgzL', NULL, NULL, 1, 1, 1),
(32, 'kkliners', 'kkliners@springer.com', 'Kliner', 'Kynthia', 'rJv75Gc', NULL, NULL, 1, 1, 1),
(33, 'pjosephofft', 'pjosephofft@paginegialle.it', 'Josephoff', 'Prudence', 'y8YSpVLubcth', NULL, NULL, 1, 1, 1),
(34, 'csimoncellou', 'csimoncellou@acquirethisname.com', 'Simoncello', 'Clevie', 'k1bv4pi5EcNU', NULL, NULL, 1, 1, 1),
(35, 'cjilesv', 'cjilesv@si.edu', 'Jiles', 'Christyna', 'G783tAiL', NULL, NULL, 1, 1, 1),
(36, 'csleafordw', 'csleafordw@goo.gl', 'Sleaford', 'Cleo', 'zFts6Urny', NULL, NULL, 1, 1, 1),
(37, 'alydiardx', 'alydiardx@telegraph.co.uk', 'Lydiard', 'Arlan', 'DqA5uVF', NULL, NULL, 1, 1, 1),
(38, 'dhumphrisy', 'dhumphrisy@opensource.org', 'Humphris', 'Dael', 'UbJ8MwF', NULL, NULL, 1, 1, 1),
(39, 'sbodycotez', 'sbodycotez@cpanel.net', 'Bodycote', 'Serge', 'sr0hVOwv', NULL, NULL, 1, 1, 1),
(40, 'cvaughn10', 'cvaughn10@free.fr', 'Vaughn', 'Clerkclaude', '4w3ZDxki6', NULL, NULL, 1, 1, 1),
(41, 'tcharity11', 'tcharity11@unc.edu', 'Charity', 'Teador', 'A1XQvaGtm', NULL, NULL, 1, 1, 1),
(42, 'rwooldridge12', 'rwooldridge12@columbia.edu', 'Wooldridge', 'Ruthy', '4GGUMtZB', NULL, NULL, 1, 1, 1),
(43, 'ocorday13', 'ocorday13@php.net', 'Corday', 'Obie', 'tIbP0a', NULL, NULL, 1, 1, 1),
(44, 'mannies14', 'mannies14@epa.gov', 'Annies', 'Madelaine', 'q7PRm69c', NULL, NULL, 1, 1, 1),
(45, 'msutheran15', 'msutheran15@springer.com', 'Sutheran', 'Meryl', 'OTUccq', NULL, NULL, 1, 1, 1),
(46, 'gpennicard16', 'gpennicard16@miibeian.gov.cn', 'Pennicard', 'Gizela', 'hwAXT0DGB', NULL, NULL, 1, 1, 1),
(47, 'mreskelly17', 'mreskelly17@dion.ne.jp', 'Reskelly', 'Maje', 'FefGiM2kURgo', NULL, NULL, 1, 1, 1),
(48, 'tfirminger18', 'tfirminger18@ihg.com', 'Firminger', 'Toni', 'vwQw3EjY', NULL, NULL, 1, 1, 1),
(49, 'nwallworth19', 'nwallworth19@columbia.edu', 'Wallworth', 'Northrup', 'tsRl7xVkcAPY', NULL, NULL, 1, 1, 1),
(50, 'ckrzyzowski1a', 'ckrzyzowski1a@pinterest.com', 'Krzyzowski', 'Cos', '5DRksj', NULL, NULL, 1, 1, 1),
(51, 'icaw1b', 'icaw1b@livejournal.com', 'Caw', 'Ivan', '1pVwZd31q6Ki', NULL, NULL, 1, 1, 1),
(52, 'mgarces1c', 'mgarces1c@nba.com', 'Garces', 'Meagan', 'SNtrG77dKAj', NULL, NULL, 1, 1, 1),
(53, 'jabby1d', 'jabby1d@cbslocal.com', 'Abby', 'Josias', 'w7nGoLScVLg', NULL, NULL, 1, 1, 1),
(54, 'scains1e', 'scains1e@issuu.com', 'Cains', 'Sayre', 'Rk4GcQ', NULL, NULL, 1, 1, 1),
(55, 'cgrogan1f', 'cgrogan1f@exblog.jp', 'Grogan', 'Claire', 'nROZ0WOh', NULL, NULL, 1, 1, 1),
(56, 'tferry1g', 'tferry1g@stumbleupon.com', 'Ferry', 'Tanya', 'ghKzGc4', NULL, NULL, 1, 1, 1),
(57, 'bstrike1h', 'bstrike1h@netvibes.com', 'Strike', 'Bernardo', 'lJfH76y', NULL, NULL, 1, 1, 1),
(58, 'tstampfer1i', 'tstampfer1i@ycombinator.com', 'Stampfer', 'Teresita', 'uYQOqPsN4', NULL, NULL, 1, 1, 1),
(59, 'trolse1j', 'trolse1j@goodreads.com', 'Rolse', 'Tyrone', 'StsspDD70VUe', NULL, NULL, 1, 1, 1),
(60, 'cbartholat1k', 'cbartholat1k@dagondesign.com', 'Bartholat', 'Christoffer', 'v8hQx2N', NULL, NULL, 1, 1, 1),
(61, 'dtenant1l', 'dtenant1l@google.cn', 'Tenant', 'D\'arcy', '3gS38BVJUg1', NULL, NULL, 1, 1, 1),
(62, 'moliveira1m', 'moliveira1m@disqus.com', 'Oliveira', 'Morgan', '6CtB76DiaoKS', NULL, NULL, 1, 1, 1),
(63, 'jwheal1n', 'jwheal1n@squidoo.com', 'Wheal', 'Jorie', 'c2pT3CwWh1C', NULL, NULL, 1, 1, 1),
(64, 'tklimschak1o', 'tklimschak1o@php.net', 'Klimschak', 'Toby', 'nVHjIZs', NULL, NULL, 1, 1, 1),
(65, 'awalsh1p', 'awalsh1p@printfriendly.com', 'Walsh', 'Angelle', 'Y5NI5ajz', NULL, NULL, 1, 1, 1),
(66, 'bhaydock1q', 'bhaydock1q@facebook.com', 'Haydock', 'Berkly', 'MLDW8Xg08', NULL, NULL, 1, 1, 1),
(67, 'lalejandri1r', 'lalejandri1r@geocities.jp', 'Alejandri', 'Lorenza', '5G5SfjM8O', NULL, NULL, 1, 1, 1),
(68, 'dmulvagh1s', 'dmulvagh1s@globo.com', 'Mulvagh', 'Duky', 'NBMn8Nx1VnUu', NULL, NULL, 1, 1, 1),
(69, 'hpentercost1t', 'hpentercost1t@bloglovin.com', 'Pentercost', 'Harley', '0dTUwmj', NULL, NULL, 1, 1, 1),
(70, 'pspelwood1u', 'pspelwood1u@theguardian.com', 'Spelwood', 'Pru', 'ToM0Imuc', NULL, NULL, 1, 1, 1),
(71, 'tpatchett1v', 'tpatchett1v@si.edu', 'Patchett', 'Towny', 'hIr0RnM8XV', NULL, NULL, 1, 1, 1),
(72, 'soxbe1w', 'soxbe1w@elpais.com', 'Oxbe', 'Silvan', 'bsPJ5c', NULL, NULL, 1, 1, 1),
(73, 'cjaher1x', 'cjaher1x@webnode.com', 'Jaher', 'Corbie', 'CqsRrZqW', NULL, NULL, 1, 1, 1),
(74, 'fmckinty1y', 'fmckinty1y@economist.com', 'McKinty', 'Fairfax', '2QnOZx0J8xz', NULL, NULL, 1, 1, 1),
(75, 'wgare1z', 'wgare1z@mlb.com', 'Gare', 'Webster', 'HslVCed6vdOl', NULL, NULL, 1, 1, 1),
(76, 'gingry20', 'gingry20@trellian.com', 'Ingry', 'Gilburt', 'Y9ES6KMlHOjB', NULL, NULL, 1, 1, 1),
(77, 'mwindebank21', 'mwindebank21@yandex.ru', 'Windebank', 'Matthias', 'sMhHTCYKxgv', NULL, NULL, 1, 1, 1),
(78, 'kgrainge22', 'kgrainge22@meetup.com', 'Grainge', 'Kattie', 'Or570gF', NULL, NULL, 1, 1, 1),
(79, 'mmuller23', 'mmuller23@cbsnews.com', 'Muller', 'Marj', '940ELlRHvNX', NULL, NULL, 1, 1, 1),
(80, 'agedling24', 'agedling24@weibo.com', 'Gedling', 'Amy', '1wfZyq36510', NULL, NULL, 1, 1, 1),
(81, 'rrudd25', 'rrudd25@fc2.com', 'Rudd', 'Romain', 'oez4HQjbN1b4', NULL, NULL, 1, 1, 1),
(82, 'glarking26', 'glarking26@usgs.gov', 'Larking', 'Grover', 'rrXAJD', NULL, NULL, 1, 1, 1),
(83, 'dmoggan27', 'dmoggan27@bbb.org', 'Moggan', 'Donalt', 'VuLDRCoS', NULL, NULL, 1, 1, 1),
(84, 'tstarling28', 'tstarling28@rakuten.co.jp', 'Starling', 'Tobie', 'mLCJTrBVi3', NULL, NULL, 1, 1, 1),
(85, 'kmcfie29', 'kmcfie29@ed.gov', 'McFie', 'Kennith', 'nrZAqtGypYd', NULL, NULL, 1, 1, 1),
(86, 'ljerzykiewicz2a', 'ljerzykiewicz2a@unicef.org', 'Jerzykiewicz', 'Lorenzo', '1ZecmnjoCokH', NULL, NULL, 1, 1, 1),
(87, 'lkirtley2b', 'lkirtley2b@hud.gov', 'Kirtley', 'Leontine', '0qFsfSl5U', NULL, NULL, 1, 1, 1),
(88, 'gpoulett2c', 'gpoulett2c@noaa.gov', 'Poulett', 'Glenden', 'vmycbcgiSL', NULL, NULL, 1, 1, 1),
(89, 'mwarfield2d', 'mwarfield2d@symantec.com', 'Warfield', 'Mariele', '1wjh5rWRCns', NULL, NULL, 1, 1, 1),
(90, 'ldik2e', 'ldik2e@wsj.com', 'Dik', 'Lauren', 'luiMM8RaJ4', NULL, NULL, 1, 1, 1),
(91, 'msotham2f', 'msotham2f@ibm.com', 'Sotham', 'Mattias', 'LUr5qiVXkv12', NULL, NULL, 1, 1, 1),
(92, 'sprodrick2g', 'sprodrick2g@amazon.de', 'Prodrick', 'Sandi', 'zTtbTp9ofa', NULL, NULL, 1, 1, 1),
(93, 'osnel2h', 'osnel2h@yolasite.com', 'Snel', 'Odey', '2nC5adhK7', NULL, NULL, 1, 1, 1),
(94, 'tnisbith2i', 'tnisbith2i@ow.ly', 'Nisbith', 'Trenna', 'Ms8Mkf', NULL, NULL, 1, 1, 1),
(95, 'kmorkham2j', 'kmorkham2j@techcrunch.com', 'Morkham', 'Kirby', 'JhJbfD8', NULL, NULL, 1, 1, 1),
(96, 'hmacneil2k', 'hmacneil2k@behance.net', 'MacNeil', 'Hildy', 'dYGBcJK1b', NULL, NULL, 1, 1, 1),
(97, 'dshipman2l', 'dshipman2l@wp.com', 'Shipman', 'Deva', 'wjavJ77viZW', NULL, NULL, 1, 1, 1),
(98, 'mmcgragh2m', 'mmcgragh2m@bbc.co.uk', 'McGragh', 'Minna', 'sfWBneQmnL', NULL, NULL, 1, 1, 1),
(99, 'gcrinson2n', 'gcrinson2n@chron.com', 'Crinson', 'Graham', 'udmFtscXxz', NULL, NULL, 1, 1, 1),
(100, 'ccorrington2o', 'ccorrington2o@independent.co.uk', 'Corrington', 'Corabel', 'yguJWLKV', NULL, NULL, 1, 1, 1),
(101, 'gtunbridge2p', 'gtunbridge2p@hatena.ne.jp', 'Tunbridge', 'Gabriel', 'SGToA4raNPX', NULL, NULL, 1, 1, 1),
(102, 'bdrillingcourt2q', 'bdrillingcourt2q@amazon.co.uk', 'Drillingcourt', 'Bruce', 'ActE8N', NULL, NULL, 1, 1, 1),
(103, 'gcorneliussen2r', 'gcorneliussen2r@lycos.com', 'Corneliussen', 'Gabie', 'UNlqTvQRWWUk', NULL, NULL, 1, 1, 1),
(104, 'ckaret2s', 'ckaret2s@youtu.be', 'Karet', 'Christy', 'g1gGgnh0s7', NULL, NULL, 1, 1, 1),
(105, 'csaggs2t', 'csaggs2t@wisc.edu', 'Saggs', 'Correy', 'kmDpeyC', NULL, NULL, 1, 1, 1),
(106, 'hcrackett2u', 'hcrackett2u@homestead.com', 'Crackett', 'Hollie', 'OuBglDaNy', NULL, NULL, 1, 1, 1),
(107, 'amolan2v', 'amolan2v@house.gov', 'Molan', 'Amble', 'LPtdF2UimTk', NULL, NULL, 1, 1, 1),
(108, 'shaldene2w', 'shaldene2w@go.com', 'Haldene', 'Shay', 'vD0xra49', NULL, NULL, 1, 1, 1),
(109, 'bwinter2x', 'bwinter2x@tripadvisor.com', 'Winter', 'Benjamin', 'fMfIybHbBPH', NULL, NULL, 1, 1, 1),
(110, 'rgerling2y', 'rgerling2y@fema.gov', 'Gerling', 'Roldan', 'zGnBPsaC42', NULL, NULL, 1, 1, 1),
(111, 'cspeenden2z', 'cspeenden2z@digg.com', 'Speenden', 'Cristine', 'F67ZqbjVY', NULL, NULL, 1, 1, 1),
(112, 'edunsford30', 'edunsford30@utexas.edu', 'Dunsford', 'Ethyl', 'SkSPy694Zym', NULL, NULL, 1, 1, 1),
(113, 'pvere31', 'pvere31@google.co.jp', 'Vere', 'Phyllys', 's9hAdL3yR', NULL, NULL, 1, 1, 1),
(114, 'ltschersich32', 'ltschersich32@salon.com', 'Tschersich', 'Loree', 'cz8dxu1A', NULL, NULL, 1, 1, 1),
(115, 'hhaulkham33', 'hhaulkham33@springer.com', 'Haulkham', 'Hall', '36cFmloo', NULL, NULL, 1, 1, 1),
(116, 'bhearnes34', 'bhearnes34@blogtalkradio.com', 'Hearnes', 'Bertha', 'GHPU7bqQ3k7m', NULL, NULL, 1, 1, 1),
(117, 'sgartside35', 'sgartside35@ifeng.com', 'Gartside', 'Shelli', 'TxNqWz', NULL, NULL, 1, 1, 1),
(118, 'jdunsire36', 'jdunsire36@studiopress.com', 'Dunsire', 'Jobyna', 'Vo5aDV', NULL, NULL, 1, 1, 1),
(119, 'wcallicott37', 'wcallicott37@smugmug.com', 'Callicott', 'Winne', '9Bt69oppUe3W', NULL, NULL, 1, 1, 1),
(120, 'cpinnock38', 'cpinnock38@jiathis.com', 'Pinnock', 'Cleve', 'r68Xl6', NULL, NULL, 1, 1, 1),
(121, 'jpaschke39', 'jpaschke39@scribd.com', 'Paschke', 'Jonis', 'eFUcH4', NULL, NULL, 1, 1, 1),
(122, 'iert3a', 'iert3a@wikimedia.org', 'Ert', 'Isidora', 'AaZRHKX', NULL, NULL, 1, 1, 1),
(123, 'ldooland3b', 'ldooland3b@histats.com', 'Dooland', 'Ludwig', 'hl2I7fK', NULL, NULL, 1, 1, 1),
(124, 'mtredinnick3c', 'mtredinnick3c@arstechnica.com', 'Tredinnick', 'Meriel', '9S0qTV6BAlLy', NULL, NULL, 1, 1, 1),
(125, 'astower3d', 'astower3d@ifeng.com', 'Stower', 'Alon', 'R6DTJlIeMg', NULL, NULL, 1, 1, 1),
(126, 'kabarrow3e', 'kabarrow3e@shinystat.com', 'A\'Barrow', 'Katey', 'G6YIY0PxoC57', NULL, NULL, 1, 1, 1),
(127, 'mruff3f', 'mruff3f@goo.gl', 'Ruff', 'Maitilde', 'SLeLEDmqAtwu', NULL, NULL, 1, 1, 1),
(128, 'kortet3g', 'kortet3g@g.co', 'Ortet', 'Kiah', 'uDLx0p', NULL, NULL, 1, 1, 1),
(129, 'ddearl3h', 'ddearl3h@elpais.com', 'Dearl', 'Daisy', 'j1vo9vLT0cT', NULL, NULL, 1, 1, 1),
(130, 'schatelot3i', 'schatelot3i@sciencedaily.com', 'Chatelot', 'Sandy', 'DHIwddl', NULL, NULL, 1, 1, 1),
(131, 'tdellenbroker3j', 'tdellenbroker3j@amazon.com', 'Dellenbroker', 'Tiertza', 'ke7fBEiSNP', NULL, NULL, 1, 1, 1),
(132, 'cbeentjes3k', 'cbeentjes3k@amazon.de', 'Beentjes', 'Caterina', 'W7E1HjuNTfR', NULL, NULL, 1, 1, 1),
(133, 'eknobell3l', 'eknobell3l@adobe.com', 'Knobell', 'Elwyn', 'w4DZ97', NULL, NULL, 1, 1, 1),
(134, 'ospringford3m', 'ospringford3m@posterous.com', 'Springford', 'Oby', 'YJJZLSznVI', NULL, NULL, 1, 1, 1),
(135, 'clesslie3n', 'clesslie3n@hexun.com', 'Lesslie', 'Chaddie', '2mJbkS', NULL, NULL, 1, 1, 1),
(136, 'klagadu3o', 'klagadu3o@homestead.com', 'Lagadu', 'Karalee', 'y7kO3yrN3sPC', NULL, NULL, 1, 1, 1),
(137, 'acotesford3p', 'acotesford3p@fastcompany.com', 'Cotesford', 'Agnese', 'nA2xI7A', NULL, NULL, 1, 1, 1),
(138, 'kdeath3q', 'kdeath3q@blogger.com', 'Death', 'Kaleena', 'OaqEpbB', NULL, NULL, 1, 1, 1),
(139, 'nbudgen3r', 'nbudgen3r@cbslocal.com', 'Budgen', 'Naomi', 'h91y0zItvQn', NULL, NULL, 1, 1, 1),
(140, 'kschohier3s', 'kschohier3s@fotki.com', 'Schohier', 'Kevin', 'Sw7j48IEG', NULL, NULL, 1, 1, 1),
(141, 'cfrarey3t', 'cfrarey3t@shutterfly.com', 'Frarey', 'Catherin', 'k3SPiv1DOTm', NULL, NULL, 1, 1, 1),
(142, 'ppresshaugh3u', 'ppresshaugh3u@chicagotribune.com', 'Presshaugh', 'Penelopa', 'I7NqQ1Px', NULL, NULL, 1, 1, 1),
(143, 'awallbank3v', 'awallbank3v@shutterfly.com', 'Wallbank', 'Alanson', 'USyXwtUTOiL', NULL, NULL, 1, 1, 1),
(145, 'skirrens3x', 'skirrens3x@twitter.com', 'Kirrens', 'Sunshine', 'jAZwIoYuBY', NULL, NULL, 1, 1, 1),
(146, 'adanilevich3y', 'adanilevich3y@youtu.be', 'Danilevich', 'Annalee', 'QLTrXBof4moj', NULL, NULL, 1, 1, 1),
(147, 'kseavers3z', 'kseavers3z@businessweek.com', 'Seavers', 'Kile', 'YgvOhWP70D', NULL, NULL, 1, 1, 1),
(148, 'mfinnis40', 'mfinnis40@friendfeed.com', 'Finnis', 'Marsh', 'AJ8KCHzy', NULL, NULL, 1, 1, 1),
(149, 'aofergus41', 'aofergus41@ibm.com', 'O\'Fergus', 'Alf', 'Gmk6ExK2', NULL, NULL, 1, 1, 1),
(150, 'djacquemot42', 'djacquemot42@buzzfeed.com', 'Jacquemot', 'Debby', 'PgelSfRHAgp', NULL, NULL, 1, 1, 1),
(151, 'jsanpere43', 'jsanpere43@ebay.com', 'Sanpere', 'Joaquin', 'lBcyzv3GEUr', NULL, NULL, 1, 1, 1),
(152, 'vcookson44', 'vcookson44@nih.gov', 'Cookson', 'Vevay', '5LRk7Uphr', NULL, NULL, 1, 1, 1),
(153, 'phendren45', 'phendren45@tripod.com', 'Hendren', 'Phylys', '1sML9rh3E', NULL, NULL, 1, 1, 1),
(154, 'hmedlicott46', 'hmedlicott46@chicagotribune.com', 'Medlicott', 'Hobie', 'QyQXfMWZdf', NULL, NULL, 1, 1, 1),
(155, 'dbrinkworth47', 'dbrinkworth47@accuweather.com', 'Brinkworth', 'Debera', 'uC3RC81ZrWz', NULL, NULL, 1, 1, 1),
(156, 'gjaniszewski48', 'gjaniszewski48@howstuffworks.com', 'Janiszewski', 'Gerald', 'EYFKOPfNEl', NULL, NULL, 1, 1, 1),
(157, 'eitzkowicz49', 'eitzkowicz49@google.ru', 'Itzkowicz', 'Erminia', 'wB8ZYA2Og', NULL, NULL, 1, 1, 1),
(158, 'dkiddey4a', 'dkiddey4a@auda.org.au', 'Kiddey', 'Dean', 'twL11qcvth', NULL, NULL, 1, 1, 1),
(159, 'farndtsen4b', 'farndtsen4b@hao123.com', 'Arndtsen', 'Flossie', 'KbkBgJ', NULL, NULL, 1, 1, 1),
(160, 'dbrownlie4c', 'dbrownlie4c@wikimedia.org', 'Brownlie', 'Dannie', 'Nfej7Rt7tirC', NULL, NULL, 1, 1, 1),
(161, 'badamczyk4d', 'badamczyk4d@gmpg.org', 'Adamczyk', 'Bunnie', 'fk7Hpj2PoR9V', NULL, NULL, 1, 1, 1),
(162, 'mbremmell4e', 'mbremmell4e@jiathis.com', 'Bremmell', 'Marigold', 'JjNLFOnYcpH', NULL, NULL, 1, 1, 1),
(163, 'acordeau4f', 'acordeau4f@dedecms.com', 'Cordeau]', 'Amalie', 'ExJE2JWj5', NULL, NULL, 1, 1, 1),
(164, 'rrumens4g', 'rrumens4g@mozilla.com', 'Rumens', 'Roanna', 'u3DFWcHM82', NULL, NULL, 1, 1, 1),
(165, 'soldman4h', 'soldman4h@boston.com', 'Oldman', 'Sawyer', 'brv5qF', NULL, NULL, 1, 1, 1),
(166, 'gforlong4i', 'gforlong4i@comcast.net', 'Forlong', 'Gracie', 'f3EvD4fF', NULL, NULL, 1, 1, 1),
(167, 'gbolles4j', 'gbolles4j@msu.edu', 'Bolles', 'Giacinta', 'xpPS31IHW', NULL, NULL, 1, 1, 1),
(168, 'wbrakespear4k', 'wbrakespear4k@youtu.be', 'Brakespear', 'Winn', 'HI8vNxTW5OT', NULL, NULL, 1, 1, 1),
(169, 'fchominski4l', 'fchominski4l@usa.gov', 'Chominski', 'Felipa', 'gL10T15gWkp', NULL, NULL, 1, 1, 1),
(170, 'hnolda4m', 'hnolda4m@engadget.com', 'Nolda', 'Harbert', '7yUz1G', NULL, NULL, 1, 1, 1),
(171, 'jboydon4n', 'jboydon4n@artisteer.com', 'Boydon', 'Janina', 'onVCEIWjQhn', NULL, NULL, 1, 1, 1),
(172, 'tchowne4o', 'tchowne4o@walmart.com', 'Chowne', 'Tybi', 'NdMcJ8dkSG', NULL, NULL, 1, 1, 1),
(173, 'eridges4p', 'eridges4p@businesswire.com', 'Ridges', 'Elnore', 'eI0hMN', NULL, NULL, 1, 1, 1),
(174, 'sjahnisch4q', 'sjahnisch4q@theatlantic.com', 'Jahnisch', 'Shayla', 'iaIyZBzJ', NULL, NULL, 1, 1, 1),
(175, 'omadill4r', 'omadill4r@scribd.com', 'Madill', 'Ozzie', 'IttgbCuRS', NULL, NULL, 1, 1, 1),
(176, 'vbenaine4s', 'vbenaine4s@w3.org', 'Benaine', 'Valerye', 'c9KR1mO', NULL, NULL, 1, 1, 1),
(177, 'bcutbirth4t', 'bcutbirth4t@theguardian.com', 'Cutbirth', 'Bessie', 'cQONYS', NULL, NULL, 1, 1, 1),
(178, 'nmartschke4u', 'nmartschke4u@msn.com', 'Martschke', 'Nelson', 'Je8hsihp7uu', NULL, NULL, 1, 1, 1),
(180, 'famey4w', 'famey4w@cafepress.com', 'Amey', 'Fiona', '0OZQCwAHlR0', NULL, NULL, 1, 1, 1),
(181, 'lmayman4x', 'lmayman4x@latimes.com', 'Mayman', 'Lorelle', 'zd8MxGloK', NULL, NULL, 1, 1, 1),
(182, 'amackerness4y', 'amackerness4y@va.gov', 'Mackerness', 'Alexine', '4PlU0qkI3yI', NULL, NULL, 1, 1, 1),
(183, 'anormandale4z', 'anormandale4z@ted.com', 'Normandale', 'Afton', 'REtGRNbLi7Z', NULL, NULL, 1, 1, 1),
(184, 'boxlee50', 'boxlee50@mail.ru', 'Oxlee', 'Brocky', 'vXjBe4GaUizo', NULL, NULL, 1, 1, 1),
(185, 'bswanborough51', 'bswanborough51@ucsd.edu', 'Swanborough', 'Baxy', 'Vgm8PSixc', NULL, NULL, 1, 1, 1),
(186, 'dpeyes52', 'dpeyes52@virginia.edu', 'Peyes', 'Dante', 'jk8dUR8', NULL, NULL, 1, 1, 1),
(187, 'cmacoun53', 'cmacoun53@yahoo.co.jp', 'Macoun', 'Constancy', 'raBCpP', NULL, NULL, 1, 1, 1),
(188, 'belener54', 'belener54@tiny.cc', 'Elener', 'Billie', 'o68h6F4e', NULL, NULL, 1, 1, 1),
(189, 'ctinsley55', 'ctinsley55@google.co.jp', 'Tinsley', 'Cosette', 'O2ViAeSKIrgm', NULL, NULL, 1, 1, 1),
(190, 'efrancesconi56', 'efrancesconi56@joomla.org', 'Francesconi', 'Egor', '3vBe6bTmvUq', NULL, NULL, 1, 1, 1),
(191, 'dhurche57', 'dhurche57@friendfeed.com', 'Hurche', 'Devy', 'V06FwKWZ', NULL, NULL, 1, 1, 1),
(192, 'ogibbonson58', 'ogibbonson58@plala.or.jp', 'Gibbonson', 'Orbadiah', 'WNOQXb', NULL, NULL, 1, 1, 1),
(193, 'jprettyjohn59', 'jprettyjohn59@howstuffworks.com', 'Prettyjohn', 'Jacinta', '7WmXA08SE', NULL, NULL, 1, 1, 1),
(194, 'nforrestor5a', 'nforrestor5a@hexun.com', 'Forrestor', 'Nicolas', 'kYHwWwZzWbUV', NULL, NULL, 1, 1, 1),
(195, 'bgilogly5b', 'bgilogly5b@about.me', 'Gilogly', 'Bernardine', 'L5KMQn', NULL, NULL, 1, 1, 1),
(196, 'mclaypoole5c', 'mclaypoole5c@webs.com', 'Claypoole', 'Marylin', 'p8GtnB5zS', NULL, NULL, 1, 1, 1),
(197, 'ethursfield5d', 'ethursfield5d@nymag.com', 'Thursfield', 'Eachelle', 'Fv2Rv64Y8lq', NULL, NULL, 1, 1, 1),
(198, 'cmussalli5e', 'cmussalli5e@java.com', 'Mussalli', 'Cynthia', 'GbanmS3', NULL, NULL, 1, 1, 1),
(199, 'gsibly5f', 'gsibly5f@indiatimes.com', 'Sibly', 'Gusta', 'yJ9Zw1AU3', NULL, NULL, 1, 1, 1),
(200, 'aord5g', 'aord5g@answers.com', 'Ord', 'Alvera', 'VQfJqWGz', NULL, NULL, 1, 1, 1),
(201, 'lchevolleau5h', 'lchevolleau5h@craigslist.org', 'Chevolleau', 'Liva', 'sa6KKzbH', NULL, NULL, 1, 1, 1),
(202, 'keverard5i', 'keverard5i@bing.com', 'Everard', 'Karoline', '0cppHwxmx1FP', NULL, NULL, 1, 1, 1),
(203, 'bmasdon5j', 'bmasdon5j@cafepress.com', 'Masdon', 'Brice', 'iDydgIh', NULL, NULL, 1, 1, 1),
(204, 'vwodham5k', 'vwodham5k@google.cn', 'Wodham', 'Virgina', '9ygCWB', NULL, NULL, 1, 1, 1),
(205, 'bfarmer5l', 'bfarmer5l@loc.gov', 'Farmer', 'Bogey', 'Pb5fxadCnm', NULL, NULL, 1, 1, 1),
(206, 'mserraillier5m', 'mserraillier5m@miibeian.gov.cn', 'Serraillier', 'Margalo', '4bJYbxC', NULL, NULL, 1, 1, 1),
(207, 'nsapauton5n', 'nsapauton5n@foxnews.com', 'Sapauton', 'Nicole', 'VLBgkfEqD', NULL, NULL, 1, 1, 1),
(208, 'akaplan5o', 'akaplan5o@xinhuanet.com', 'Kaplan', 'Aubry', 'ozPUteaoq', NULL, NULL, 1, 1, 1),
(209, 'scapponeer5p', 'scapponeer5p@latimes.com', 'Capponeer', 'Shadow', 'AgE5V49tsoXq', NULL, NULL, 1, 1, 1),
(210, 'rantoniak5q', 'rantoniak5q@mlb.com', 'Antoniak', 'Rowen', 'XcFY1Uaob', NULL, NULL, 1, 1, 1),
(211, 'cscurman5r', 'cscurman5r@globo.com', 'Scurman', 'Caroljean', 'OUpZnSf', NULL, NULL, 1, 1, 1),
(212, 'cbogart5s', 'cbogart5s@miitbeian.gov.cn', 'Bogart', 'Courtney', 'MUaQPK', NULL, NULL, 1, 1, 1),
(213, 'swittier5t', 'swittier5t@smh.com.au', 'Wittier', 'Sutton', 'KxPrthQuZg', NULL, NULL, 1, 1, 1),
(214, 'jjess5u', 'jjess5u@hao123.com', 'Jess', 'Jens', 'IJ1wnGfaig', NULL, NULL, 1, 1, 1),
(215, 'mlockyear5v', 'mlockyear5v@webmd.com', 'Lockyear', 'Meyer', 'yv01dBCVdFPW', NULL, NULL, 1, 1, 1),
(216, 'hdodd5w', 'hdodd5w@msn.com', 'Dodd', 'Happy', 'qMzVJISUm', NULL, NULL, 1, 1, 1),
(217, 'psiemantel5x', 'psiemantel5x@comcast.net', 'Siemantel', 'Pet', 'gJsZv4', NULL, NULL, 1, 1, 1),
(218, 'kbrassill5y', 'kbrassill5y@imageshack.us', 'Brassill', 'Kathlin', 'dYEurCljn9Ir', NULL, NULL, 1, 1, 1),
(219, 'rgladbeck5z', 'rgladbeck5z@ucla.edu', 'Gladbeck', 'Rachael', 'dacRmO', NULL, NULL, 1, 1, 1),
(220, 'ileber60', 'ileber60@netlog.com', 'Leber', 'Isahella', 'DrQdb1n', NULL, NULL, 1, 1, 1),
(221, 'gnann61', 'gnann61@indiatimes.com', 'Nann', 'Guilbert', '4VDDaFNLEN', NULL, NULL, 1, 1, 1),
(222, 'vohartnedy62', 'vohartnedy62@feedburner.com', 'O\'Hartnedy', 'Vin', 'zOnsuL', NULL, NULL, 1, 1, 1),
(223, 'tstoeck63', 'tstoeck63@cornell.edu', 'Stoeck', 'Tiffie', 'q4KHyhn', NULL, NULL, 1, 1, 1),
(224, 'htilly64', 'htilly64@china.com.cn', 'Tilly', 'Hugh', 'bMdUE5JcZhrY', NULL, NULL, 1, 1, 1),
(225, 'lautin65', 'lautin65@wunderground.com', 'Autin', 'Lamar', 'wCkDrK', NULL, NULL, 1, 1, 1),
(226, 'kfossey66', 'kfossey66@freewebs.com', 'Fossey', 'Kimberli', '2iMBqO', NULL, NULL, 1, 1, 1),
(227, 'aodowgaine67', 'aodowgaine67@163.com', 'O\'Dowgaine', 'Abbi', 'XoXoywns7f', NULL, NULL, 1, 1, 1),
(228, 'arothert68', 'arothert68@joomla.org', 'Rothert', 'Andrus', 'KuFRoFj1v', NULL, NULL, 1, 1, 1),
(229, 'cplanke69', 'cplanke69@networkadvertising.org', 'Planke', 'Cristen', '031rGE', NULL, NULL, 1, 1, 1),
(230, 'narnull6a', 'narnull6a@mapy.cz', 'Arnull', 'Nataline', 'FHVLs8', NULL, NULL, 1, 1, 1),
(231, 'ogrzelczyk6b', 'ogrzelczyk6b@google.co.jp', 'Grzelczyk', 'Othelia', 'aMZOd1T2cXaj', NULL, NULL, 1, 1, 1),
(232, 'cvasyuchov6c', 'cvasyuchov6c@slideshare.net', 'Vasyuchov', 'Consalve', 'tcNGrWQ8L', NULL, NULL, 1, 1, 1),
(233, 'rstranaghan6d', 'rstranaghan6d@bluehost.com', 'Stranaghan', 'Remington', 'bmjiOb', NULL, NULL, 1, 1, 1),
(234, 'ggerrey6e', 'ggerrey6e@aboutads.info', 'Gerrey', 'Georg', 'yPzcBP2', NULL, NULL, 1, 1, 1),
(235, 'dkeyes6f', 'dkeyes6f@goo.gl', 'Keyes', 'Doralynn', 'gL5RIm', NULL, NULL, 1, 1, 1),
(236, 'ephillipson6g', 'ephillipson6g@altervista.org', 'Phillipson', 'Eleanor', 'wDTWIgrUCiBR', NULL, NULL, 1, 1, 1),
(237, 'sgallego6h', 'sgallego6h@wikimedia.org', 'Gallego', 'Shane', 'yTPJ6Ces', NULL, NULL, 1, 1, 1),
(238, 'thubbock6i', 'thubbock6i@dailymail.co.uk', 'Hubbock', 'Tobit', 'Ur3Qd7o', NULL, NULL, 1, 1, 1),
(239, 'bklewi6j', 'bklewi6j@timesonline.co.uk', 'Klewi', 'Baillie', 'inMGNo', NULL, NULL, 1, 1, 1),
(240, 'lmurdoch6k', 'lmurdoch6k@addthis.com', 'Murdoch', 'Lark', 'FnYER1YtB', NULL, NULL, 1, 1, 1),
(241, 'obennetto6l', 'obennetto6l@facebook.com', 'Bennetto', 'Ola', 'YaymY5vHvGd', NULL, NULL, 1, 1, 1),
(242, 'dlelievre6m', 'dlelievre6m@sciencedaily.com', 'Le Lievre', 'Dunn', 'Brd8mvt9xJe', NULL, NULL, 1, 1, 1),
(243, 'ccampbelldunlop6n', 'ccampbelldunlop6n@mashable.com', 'Campbell-Dunlop', 'Corena', 'qmnvAmNY', NULL, NULL, 1, 1, 1),
(244, 'cnadin6o', 'cnadin6o@ebay.co.uk', 'Nadin', 'Chelsey', 'xh6SqMJHz62', NULL, NULL, 1, 1, 1),
(245, 'dbowstead6p', 'dbowstead6p@themeforest.net', 'Bowstead', 'Dugald', 'lu8eIwxTUO', NULL, NULL, 1, 1, 1),
(246, 'atudge6q', 'atudge6q@smugmug.com', 'Tudge', 'Alys', 'VgKCt2xFSqu', NULL, NULL, 1, 1, 1),
(247, 'hkenningley6r', 'hkenningley6r@naver.com', 'Kenningley', 'Horacio', 'vTbClLHyCS7e', NULL, NULL, 1, 1, 1),
(248, 'emorant6s', 'emorant6s@list-manage.com', 'Morant', 'Ezmeralda', 'ii7VGIJKoMP6', NULL, NULL, 1, 1, 1),
(249, 'hveschi6t', 'hveschi6t@topsy.com', 'Veschi', 'Hobard', 'ttImw7aGHB', NULL, NULL, 1, 1, 1),
(250, 'hinnman6u', 'hinnman6u@timesonline.co.uk', 'Innman', 'Hoebart', 'ZfHfHN7q07', NULL, NULL, 1, 1, 1),
(251, 'qtrounson6v', 'qtrounson6v@blogspot.com', 'Trounson', 'Quintina', 'kKONPjjI', NULL, NULL, 1, 1, 1),
(252, 'hduffan6w', 'hduffan6w@craigslist.org', 'Duffan', 'Hermie', 'Hx3Lk375QLN', NULL, NULL, 1, 1, 1),
(253, 'omilnes6x', 'omilnes6x@a8.net', 'Milnes', 'Oby', '5uuePsL', NULL, NULL, 1, 1, 1),
(254, 'lpearsall6y', 'lpearsall6y@imgur.com', 'Pearsall', 'Lenci', 'udgqamgCFrh', NULL, NULL, 1, 1, 1),
(255, 'cchalfont6z', 'cchalfont6z@indiatimes.com', 'Chalfont', 'Cleveland', '85DxwlJ53ZL', NULL, NULL, 1, 1, 1),
(256, 'sswadlinge70', 'sswadlinge70@indiegogo.com', 'Swadlinge', 'Sharai', 'WVB0RnQX1o', NULL, NULL, 1, 1, 1),
(257, 'gromney71', 'gromney71@tumblr.com', 'Romney', 'Glynis', 'Nhmtq98jfCev', NULL, NULL, 1, 1, 1),
(258, 'fjurzyk72', 'fjurzyk72@go.com', 'Jurzyk', 'Freida', 'mogAixzB', NULL, NULL, 1, 1, 1),
(259, 'rripsher73', 'rripsher73@redcross.org', 'Ripsher', 'Randene', 'PWNAc2v', NULL, NULL, 1, 1, 1),
(260, 'hiannazzi74', 'hiannazzi74@usnews.com', 'Iannazzi', 'Hebert', 'kYAGrjsIZqKM', NULL, NULL, 1, 1, 1),
(261, 'rsimko75', 'rsimko75@dedecms.com', 'Simko', 'Ronnie', 'BCanGFY4Z', NULL, NULL, 1, 1, 1),
(262, 'hawton76', 'hawton76@sciencedaily.com', 'Awton', 'Hephzibah', 'jUqle2iWlceB', NULL, NULL, 1, 1, 1),
(263, 'amugg77', 'amugg77@live.com', 'Mugg', 'Ariela', '2CYYd5C8v8sf', NULL, NULL, 1, 1, 1),
(264, 'emcquillen78', 'emcquillen78@timesonline.co.uk', 'McQuillen', 'Elva', '5WYpvea', NULL, NULL, 1, 1, 1),
(265, 'dtrayling79', 'dtrayling79@feedburner.com', 'Trayling', 'Dannie', 'bjr8ibyqcIZf', NULL, NULL, 1, 1, 1),
(266, 'lrotge7a', 'lrotge7a@bbb.org', 'Rotge', 'Lurleen', 'aQZ2vlXP6sL', NULL, NULL, 1, 1, 1),
(267, 'dtuffin7b', 'dtuffin7b@usda.gov', 'Tuffin', 'Donia', 'pe8uuuQ1Xk9', NULL, NULL, 1, 1, 1),
(268, 'jhazelgrove7c', 'jhazelgrove7c@rambler.ru', 'Hazelgrove', 'Jaye', 'SPgHzdqWr', NULL, NULL, 1, 1, 1),
(269, 'acrone7d', 'acrone7d@reuters.com', 'Crone', 'Arlene', 'D8bE4YV5', NULL, NULL, 1, 1, 1),
(270, 'cmertgen7e', 'cmertgen7e@cam.ac.uk', 'Mertgen', 'Clayborne', 'NEGtRv', NULL, NULL, 1, 1, 1),
(271, 'tdrinkhill7f', 'tdrinkhill7f@issuu.com', 'Drinkhill', 'Tania', 'iatDn0yahKrT', NULL, NULL, 1, 1, 1),
(272, 'gbraam7g', 'gbraam7g@yellowpages.com', 'Braam', 'Giuditta', 'FkP0NabE', NULL, NULL, 1, 1, 1),
(273, 'ninston7h', 'ninston7h@addtoany.com', 'Inston', 'Nikaniki', 'ewv0LUNj26', NULL, NULL, 1, 1, 1),
(274, 'bpatterfield7i', 'bpatterfield7i@economist.com', 'Patterfield', 'Brenden', '49w5267y9', NULL, NULL, 1, 1, 1),
(275, 'jsyrie7j', 'jsyrie7j@1und1.de', 'Syrie', 'Joelly', '1Fd9WzuqK37', NULL, NULL, 1, 1, 1),
(276, 'qrazoux7k', 'qrazoux7k@foxnews.com', 'Razoux', 'Quintus', '71jqqm', NULL, NULL, 1, 1, 1),
(277, 'mrawnsley7l', 'mrawnsley7l@oakley.com', 'Rawnsley', 'Maddy', '4wjoMnDlJ', NULL, NULL, 1, 1, 1),
(278, 'agroome7m', 'agroome7m@businessweek.com', 'Groome', 'Armand', 'RlNEvW', NULL, NULL, 1, 1, 1),
(279, 'rgermon7n', 'rgermon7n@edublogs.org', 'Germon', 'Rand', 'CeM91sh', NULL, NULL, 1, 1, 1),
(280, 'rcescon7o', 'rcescon7o@taobao.com', 'Cescon', 'Robers', 'oQQHTbF7pT', NULL, NULL, 1, 1, 1),
(281, 'akarby7p', 'akarby7p@joomla.org', 'Karby', 'Andeee', 'c6oeryjCoG', NULL, NULL, 1, 1, 1),
(282, 'farnall7q', 'farnall7q@sciencedirect.com', 'Arnall', 'Foster', 'KufNupYgfV4A', NULL, NULL, 1, 1, 1),
(283, 'ewillisch7r', 'ewillisch7r@wordpress.org', 'Willisch', 'Elysia', 'rvLXlsnv', NULL, NULL, 1, 1, 1),
(284, 'drooney7s', 'drooney7s@examiner.com', 'Rooney', 'Derry', 'kUBlnKe', NULL, NULL, 1, 1, 1),
(285, 'ddunkerley7t', 'ddunkerley7t@netscape.com', 'Dunkerley', 'Dev', 'yhbbyL', NULL, NULL, 1, 1, 1),
(286, 'lhenke7u', 'lhenke7u@unicef.org', 'Henke', 'Link', 'm9rHQa2U', NULL, NULL, 1, 1, 1),
(287, 'cmeconi7v', 'cmeconi7v@utexas.edu', 'Meconi', 'Con', 'it60nGH', NULL, NULL, 1, 1, 1),
(288, 'kdenniss7w', 'kdenniss7w@rambler.ru', 'Denniss', 'Kelsi', 'jOFTw8k3', NULL, NULL, 1, 1, 1),
(289, 'hgiggie7x', 'hgiggie7x@ehow.com', 'Giggie', 'Hinda', 'txlnY2', NULL, NULL, 1, 1, 1),
(290, 'ageck7y', 'ageck7y@skype.com', 'Geck', 'Aretha', 'aLWKQW6YdXs8', NULL, NULL, 1, 1, 1),
(291, 'gkull7z', 'gkull7z@go.com', 'Kull', 'Guntar', '7sJlcnE2XGd', NULL, NULL, 1, 1, 1),
(292, 'fshipston80', 'fshipston80@over-blog.com', 'Shipston', 'Felicio', 'y6YTQsTFdN', NULL, NULL, 1, 1, 1),
(293, 'nviant81', 'nviant81@nifty.com', 'Viant', 'Naomi', '1lbKGWUJO', NULL, NULL, 1, 1, 1),
(294, 'mmarner82', 'mmarner82@geocities.jp', 'Marner', 'Masha', 'mTPoVBhgL', NULL, NULL, 1, 1, 1),
(295, 'chightown83', 'chightown83@umich.edu', 'Hightown', 'Crissy', 'WhQGvuwt', NULL, NULL, 1, 1, 1),
(296, 'gkalisz84', 'gkalisz84@nasa.gov', 'Kalisz', 'Giuseppe', 'yGOu9VjqguC', NULL, NULL, 1, 1, 1),
(297, 'theustace85', 'theustace85@java.com', 'Heustace', 'Toby', 'U0doSf5mNQJ', NULL, NULL, 1, 1, 1),
(298, 'hsigert86', 'hsigert86@marketwatch.com', 'Sigert', 'Holden', 'Z7vnU9rYS8', NULL, NULL, 1, 1, 1),
(299, 'wkroch87', 'wkroch87@eepurl.com', 'Kroch', 'Wiley', 'xKhXd9', NULL, NULL, 1, 1, 1),
(300, 'atilson88', 'atilson88@ow.ly', 'Tilson', 'Arther', 'PEqNgOLf', NULL, NULL, 1, 1, 1),
(301, 'iroust89', 'iroust89@angelfire.com', 'Roust', 'Izabel', 'z1LT2lyxbd', NULL, NULL, 1, 1, 1),
(302, 'nloddy8a', 'nloddy8a@tmall.com', 'Loddy', 'Nada', 'ED4lHm', NULL, NULL, 1, 1, 1),
(303, 'cstoffels8b', 'cstoffels8b@who.int', 'Stoffels', 'Cherida', 'AEgRa43ez4', NULL, NULL, 1, 1, 1),
(304, 'cdixie8c', 'cdixie8c@washingtonpost.com', 'Dixie', 'Caryn', 'nEwgFP', NULL, NULL, 1, 1, 1),
(305, 'fspurgeon8d', 'fspurgeon8d@earthlink.net', 'Spurgeon', 'Franz', 'NVbEKLTGXe9', NULL, NULL, 1, 1, 1),
(306, 'taubray8e', 'taubray8e@csmonitor.com', 'Aubray', 'Terra', 'zbmi8oSrM6I2', NULL, NULL, 1, 1, 1),
(307, 'dbalden8f', 'dbalden8f@weebly.com', 'Balden', 'Denni', 'g35KZfAZFYM', NULL, NULL, 1, 1, 1),
(308, 'tmillson8g', 'tmillson8g@freewebs.com', 'Millson', 'Torrence', 'aOIyNm', NULL, NULL, 1, 1, 1),
(309, 'vgaize8h', 'vgaize8h@sina.com.cn', 'Gaize', 'Vannie', 'YIqmCWBx1Um', NULL, NULL, 1, 1, 1),
(310, 'cgodbehere8i', 'cgodbehere8i@about.me', 'Godbehere', 'Celie', 'SfDGeQ', NULL, NULL, 1, 1, 1),
(311, 'ctitcomb8j', 'ctitcomb8j@slate.com', 'Titcomb', 'Culley', 'WAKgNN', NULL, NULL, 1, 1, 1),
(312, 'ediscombe8k', 'ediscombe8k@cnn.com', 'Discombe', 'Emalia', 'Kna1kWz', NULL, NULL, 1, 1, 1),
(313, 'lhindrich8l', 'lhindrich8l@ox.ac.uk', 'Hindrich', 'Lorry', 'GN3VcNSElG8I', NULL, NULL, 1, 1, 1),
(314, 'jzecchinelli8m', 'jzecchinelli8m@msn.com', 'Zecchinelli', 'Jada', 'BO09i3415b', NULL, NULL, 1, 1, 1),
(315, 'bprozescky8n', 'bprozescky8n@marriott.com', 'Prozescky', 'Brandie', '0G5OKWCx4', NULL, NULL, 1, 1, 1),
(316, 'dbeswetherick8o', 'dbeswetherick8o@mashable.com', 'Beswetherick', 'Del', 'Gr2NTISMc', NULL, NULL, 1, 1, 1),
(317, 'nhonack8p', 'nhonack8p@umn.edu', 'Honack', 'Neel', 'eXONzHSfr', NULL, NULL, 1, 1, 1),
(318, 'lbentsen8q', 'lbentsen8q@cnn.com', 'Bentsen', 'Lenard', 'ABJcKDFhq6q', NULL, NULL, 1, 1, 1),
(319, 'dnuzzi8r', 'dnuzzi8r@e-recht24.de', 'Nuzzi', 'Dougy', 'ewYh4pTIE', NULL, NULL, 1, 1, 1),
(320, 'vmickan8s', 'vmickan8s@fda.gov', 'Mickan', 'Virginia', 'PVlLM3Rs5', NULL, NULL, 1, 1, 1),
(321, 'fgrindley8t', 'fgrindley8t@cnn.com', 'Grindley', 'Ferdie', 'WFmvNP', NULL, NULL, 1, 1, 1),
(322, 'apetrou8u', 'apetrou8u@domainmarket.com', 'Petrou', 'Allie', 'vohWKbV9', NULL, NULL, 1, 1, 1),
(323, 'dstrettle8v', 'dstrettle8v@howstuffworks.com', 'Strettle', 'Dulcy', '4YXn6LID', NULL, NULL, 1, 1, 1),
(324, 'mpoytress8w', 'mpoytress8w@europa.eu', 'Poytress', 'Missie', 'smfuW25vn', NULL, NULL, 1, 1, 1),
(325, 'kpieterick8x', 'kpieterick8x@webs.com', 'Pieterick', 'Kirby', 'A6oeqt1', NULL, NULL, 1, 1, 1),
(326, 'npetrashov8y', 'npetrashov8y@1688.com', 'Petrashov', 'Nannie', 'PlR2AT', NULL, NULL, 1, 1, 1),
(327, 'rwhale8z', 'rwhale8z@cyberchimps.com', 'Whale', 'Rolph', 'uQXzzZUp2OE', NULL, NULL, 1, 1, 1),
(328, 'wbensen90', 'wbensen90@blogtalkradio.com', 'Bensen', 'Warden', 'MWTrBhT4', NULL, NULL, 1, 1, 1),
(329, 'rtucknott91', 'rtucknott91@rakuten.co.jp', 'Tucknott', 'Rusty', '7nFz3stL', NULL, NULL, 1, 1, 1),
(330, 'kfakeley92', 'kfakeley92@webnode.com', 'Fakeley', 'Kellia', 'rsuzoVBbAEV', NULL, NULL, 1, 1, 1),
(331, 'ogladyer93', 'ogladyer93@icq.com', 'Gladyer', 'Olympe', 'LbONZOS4', NULL, NULL, 1, 1, 1),
(332, 'tmoyer94', 'tmoyer94@bbb.org', 'Moyer', 'Tracie', 'xjOgR7ExK7Lc', NULL, NULL, 1, 1, 1),
(333, 'uelijah95', 'uelijah95@buzzfeed.com', 'Elijah', 'Ulla', '0pnQKafEyv', NULL, NULL, 1, 1, 1),
(334, 'fchalk96', 'fchalk96@ehow.com', 'Chalk', 'Farley', 'yAOyz5', NULL, NULL, 1, 1, 1),
(335, 'agoode97', 'agoode97@hc360.com', 'Goode', 'Alison', 'DunV0K', NULL, NULL, 1, 1, 1),
(336, 'ftelling98', 'ftelling98@yale.edu', 'Telling', 'Farrell', '8pGhKHrgYhcN', NULL, NULL, 1, 1, 1),
(337, 'roddie99', 'roddie99@arstechnica.com', 'Oddie', 'Robby', 'r86e1L', NULL, NULL, 1, 1, 1),
(338, 'heim9a', 'heim9a@census.gov', 'Eim', 'Hewie', 'qZjhHaJoE', NULL, NULL, 1, 1, 1),
(339, 'ehoulden9b', 'ehoulden9b@ucoz.ru', 'Houlden', 'Elmo', 'nt9xHi4uDh', NULL, NULL, 1, 1, 1),
(340, 'crudgerd9c', 'crudgerd9c@hp.com', 'Rudgerd', 'Cynthy', 'Qnac7X', NULL, NULL, 1, 1, 1),
(341, 'cgronowe9d', 'cgronowe9d@deliciousdays.com', 'Gronowe', 'Clare', 'mYYwflTl441A', NULL, NULL, 1, 1, 1),
(342, 'hionesco9e', 'hionesco9e@webnode.com', 'Ionesco', 'Hermina', 'xWzyCnGZX', NULL, NULL, 1, 1, 1),
(343, 'mfortnam9f', 'mfortnam9f@upenn.edu', 'Fortnam', 'Miles', 'rFswJ258', NULL, NULL, 1, 1, 1),
(344, 'lstealfox9g', 'lstealfox9g@themeforest.net', 'Stealfox', 'Lodovico', 'kQ7VWM0ceebG', NULL, NULL, 1, 1, 1),
(345, 'cjardin9h', 'cjardin9h@163.com', 'Jardin', 'Creigh', 'dLGe78UHzz', NULL, NULL, 1, 1, 1),
(346, 'kbranca9i', 'kbranca9i@joomla.org', 'Branca', 'Kissee', 'benSjyGA', NULL, NULL, 1, 1, 1),
(347, 'dmatuszyk9j', 'dmatuszyk9j@wisc.edu', 'Matuszyk', 'Dalis', 'maKB3bdM55u', NULL, NULL, 1, 1, 1),
(348, 'pbilovus9k', 'pbilovus9k@goo.ne.jp', 'Bilovus', 'Pernell', 'L1rWpGSg', NULL, NULL, 1, 1, 1),
(349, 'cdoelle9l', 'cdoelle9l@rediff.com', 'Doelle', 'Charmian', 'cBjhAHNr', NULL, NULL, 1, 1, 1),
(350, 'scraine9m', 'scraine9m@webnode.com', 'Craine', 'Solomon', 'gQp1SyMtzzIl', NULL, NULL, 1, 1, 1),
(351, 'hschaben9n', 'hschaben9n@over-blog.com', 'Schaben', 'Helen', 'SiC31k9vnb', NULL, NULL, 1, 1, 1),
(352, 'htremonte9o', 'htremonte9o@altervista.org', 'Tremonte', 'Hershel', 'MdAPEBa0PDI', NULL, NULL, 1, 1, 1),
(353, 'tschofield9p', 'tschofield9p@moonfruit.com', 'Schofield', 'Tess', 'FtyeH4j', NULL, NULL, 1, 1, 1),
(354, 'dannies9q', 'dannies9q@tuttocitta.it', 'Annies', 'Dill', 'oVv1ey', NULL, NULL, 1, 1, 1),
(355, 'kfowls9r', 'kfowls9r@addtoany.com', 'Fowls', 'Kele', 'a0knBW', NULL, NULL, 1, 1, 1),
(356, 'sberthelet9s', 'sberthelet9s@smh.com.au', 'Berthelet', 'Sherwood', 'lejSdZYcdk9E', NULL, NULL, 1, 1, 1),
(357, 'cdrewet9t', 'cdrewet9t@alexa.com', 'Drewet', 'Corri', '1Cqj2TIF8j4l', NULL, NULL, 1, 1, 1),
(358, 'ajenkins9u', 'ajenkins9u@constantcontact.com', 'Jenkins', 'Annelise', '3OQHai3Y', NULL, NULL, 1, 1, 1),
(359, 'wsnowsill9v', 'wsnowsill9v@biglobe.ne.jp', 'Snowsill', 'Wood', 'ygC0hNIJq', NULL, NULL, 1, 1, 1),
(360, 'whaskell9w', 'whaskell9w@google.com.br', 'Haskell', 'Waverley', 'yK0as7d', NULL, NULL, 1, 1, 1),
(361, 'scockaday9x', 'scockaday9x@businessinsider.com', 'Cockaday', 'Sayre', 'YHSrZEwun', NULL, NULL, 1, 1, 1),
(362, 'hcurado9y', 'hcurado9y@github.io', 'Curado', 'Hilliard', 'ussTxscH57f2', NULL, NULL, 1, 1, 1),
(363, 'scrossgrove9z', 'scrossgrove9z@pbs.org', 'Crossgrove', 'Shurwood', 'oVuwi3', NULL, NULL, 1, 1, 1),
(364, 'ssmallesa0', 'ssmallesa0@cnet.com', 'Smalles', 'Sherill', 'NOb4uE9Y', NULL, NULL, 1, 1, 1),
(365, 'gdouthwaitea1', 'gdouthwaitea1@reddit.com', 'Douthwaite', 'Genvieve', 'AdGoHxQBOfKW', NULL, NULL, 1, 1, 1),
(366, 'csantoa2', 'csantoa2@smh.com.au', 'Santo', 'Cherlyn', 'yjhDJz', NULL, NULL, 1, 1, 1),
(367, 'rbothbiea3', 'rbothbiea3@goodreads.com', 'Bothbie', 'Robenia', '5rgs8L', NULL, NULL, 1, 1, 1),
(368, 'rfairbarda4', 'rfairbarda4@oracle.com', 'Fairbard', 'Rossie', 'BgmMZvYLU0V', NULL, NULL, 1, 1, 1),
(369, 'jkeablea5', 'jkeablea5@google.es', 'Keable', 'Joline', 'Ekn5Jx', NULL, NULL, 1, 1, 1),
(370, 'rcrossfielda6', 'rcrossfielda6@prweb.com', 'Crossfield', 'Raynor', 'wdLqYO', NULL, NULL, 1, 1, 1),
(371, 'lhisea7', 'lhisea7@newsvine.com', 'Hise', 'Leeland', 'ABNTfzXGQ', NULL, NULL, 1, 1, 1),
(372, 'fsikorskia8', 'fsikorskia8@fastcompany.com', 'Sikorski', 'Florina', 'iigDESDtJ', NULL, NULL, 1, 1, 1),
(373, 'gfeltoea9', 'gfeltoea9@google.nl', 'Feltoe', 'Ganny', 'CjR8lq2O7O', NULL, NULL, 1, 1, 1),
(374, 'thepheraa', 'thepheraa@sogou.com', 'Hepher', 'Theodore', 'sSyk0Ky', NULL, NULL, 1, 1, 1),
(375, 'usprowsonab', 'usprowsonab@ucoz.com', 'Sprowson', 'Ulises', 'uNx5moH', NULL, NULL, 1, 1, 1),
(376, 'abuxseyac', 'abuxseyac@e-recht24.de', 'Buxsey', 'Aura', 'U4ZaWDLCNiOf', NULL, NULL, 1, 2, 1),
(377, 'esavidgead', 'esavidgead@domainmarket.com', 'Savidge', 'Elfie', 'E048DOSCp', NULL, NULL, 1, 1, 1),
(378, 'rbarbischae', 'rbarbischae@storify.com', 'Barbisch', 'Randi', 'dc9nhHjvD', NULL, NULL, 1, 1, 1),
(379, 'nglasardaf', 'nglasardaf@bloglines.com', 'Glasard', 'Nils', 'fCT4n0u7pn9', NULL, NULL, 1, 1, 1),
(380, 'bglyssanneag', 'bglyssanneag@samsung.com', 'Glyssanne', 'Bab', '2AwbFRP9G46H', NULL, NULL, 1, 1, 1),
(381, 'kkoschekah', 'kkoschekah@jalbum.net', 'Koschek', 'Kayla', 'jYufW4XRUtp', NULL, NULL, 1, 1, 1),
(382, 'unenciai', 'unenciai@pbs.org', 'Nenci', 'Ulrike', 'XQWCsryBKr', NULL, NULL, 1, 1, 1),
(383, 'rskellernaj', 'rskellernaj@nationalgeographic.com', 'Skellern', 'Roseann', 'MFCqdhFh', NULL, NULL, 1, 1, 1),
(384, 'kjacobak', 'kjacobak@earthlink.net', 'Jacob', 'Kyla', 'PlpZAtNE', NULL, NULL, 1, 1, 1),
(385, 'ltrevaskisal', 'ltrevaskisal@blog.com', 'Trevaskis', 'Liesa', 'nx7Ugz', NULL, NULL, 1, 1, 1),
(386, 'cziemenam', 'cziemenam@t.co', 'Ziemen', 'Cleopatra', 'Iulr8crx', NULL, NULL, 1, 1, 1),
(387, 'mflucksan', 'mflucksan@sciencedaily.com', 'Flucks', 'Mada', 'ItG36KKu', NULL, NULL, 1, 1, 1),
(388, 'dhellikerao', 'dhellikerao@printfriendly.com', 'Helliker', 'Deina', 'S7PIAO90JJ0', NULL, NULL, 1, 1, 1),
(389, 'hdundendaleap', 'hdundendaleap@forbes.com', 'Dundendale', 'Henry', 'Kw0Ehzq', NULL, NULL, 1, 1, 1),
(390, 'galstonaq', 'galstonaq@nydailynews.com', 'Alston', 'Glad', 'ABlfsruKD', NULL, NULL, 1, 1, 1),
(391, 'lmaffiottiar', 'lmaffiottiar@t-online.de', 'Maffiotti', 'Lil', 'Ncp9bVM', NULL, NULL, 1, 1, 1),
(392, 'nruggierias', 'nruggierias@reverbnation.com', 'Ruggieri', 'Neila', 'UDvbUyXrK', NULL, NULL, 1, 1, 1),
(393, 'ychidlerat', 'ychidlerat@chron.com', 'Chidler', 'Yanaton', 'aUx3B3kVT5', NULL, NULL, 1, 1, 1),
(394, 'ebelchampau', 'ebelchampau@paypal.com', 'Belchamp', 'Edmund', 'o9kjMc', NULL, NULL, 1, 1, 1),
(395, 'ychanderav', 'ychanderav@squarespace.com', 'Chander', 'Yvon', 'fWqzFM', NULL, NULL, 1, 1, 1),
(396, 'dlicasaw', 'dlicasaw@drupal.org', 'Licas', 'Doreen', 'c3P16OTdGSr', NULL, NULL, 1, 1, 1),
(397, 'nrenakax', 'nrenakax@uol.com.br', 'Renak', 'Nels', 'xSAJOxwNi', NULL, NULL, 1, 1, 1),
(398, 'opoay', 'opoay@sfgate.com', 'Po', 'Osborne', 'JvWMp48E', NULL, NULL, 1, 1, 1),
(399, 'memesaz', 'memesaz@usda.gov', 'Emes', 'Martelle', 'OT5TubZtSO2', NULL, NULL, 1, 1, 1),
(400, 'fleamonb0', 'fleamonb0@freewebs.com', 'Leamon', 'Francyne', 'aOucdIWz', NULL, NULL, 1, 1, 1),
(401, 'weptonb1', 'weptonb1@psu.edu', 'Epton', 'Wallis', 'glfnJduoSJFc', NULL, NULL, 1, 1, 1),
(402, 'grisebrowb2', 'grisebrowb2@hhs.gov', 'Risebrow', 'Glad', 'NFCKyJk5YH5', NULL, NULL, 1, 1, 1),
(403, 'santognozziib3', 'santognozziib3@studiopress.com', 'Antognozzii', 'Shelley', 'nMkIqnN', NULL, NULL, 1, 1, 1),
(404, 'tzuppab4', 'tzuppab4@infoseek.co.jp', 'Zuppa', 'Tommy', '8gTPjQaGR', NULL, NULL, 1, 1, 1),
(405, 'earensonb5', 'earensonb5@posterous.com', 'Arenson', 'Ernaline', 'Gao3556u4nO', NULL, NULL, 1, 1, 1),
(406, 'jormeb6', 'jormeb6@japanpost.jp', 'Orme', 'Juliana', '6GjYz0am', NULL, NULL, 1, 1, 1),
(407, 'mduckersb7', 'mduckersb7@uiuc.edu', 'Duckers', 'Maryrose', 'Uzry26', NULL, NULL, 1, 1, 1),
(408, 'cringeb8', 'cringeb8@wikispaces.com', 'Ringe', 'Celestina', 'jTUVpNL', NULL, NULL, 1, 1, 1),
(409, 'polifauntb9', 'polifauntb9@indiatimes.com', 'Olifaunt', 'Phyllys', '9xqjrWpI', NULL, NULL, 1, 1, 1),
(410, 'ppadefieldba', 'ppadefieldba@fema.gov', 'Padefield', 'Petey', 'q4FtsxaONy1', NULL, NULL, 1, 1, 1),
(411, 'ajuettbb', 'ajuettbb@oakley.com', 'Juett', 'Arte', 'qWmtAPvJ', NULL, NULL, 1, 1, 1),
(412, 'adugoodbc', 'adugoodbc@addtoany.com', 'Dugood', 'Andie', 'LIuZU79l3Pp', NULL, NULL, 1, 1, 1),
(413, 'aosbournebd', 'aosbournebd@posterous.com', 'Osbourne', 'Agna', 'hOlQ09V', NULL, NULL, 1, 1, 1),
(414, 'gdawleybe', 'gdawleybe@php.net', 'Dawley', 'Gayler', 'YtOdQfRPZ', NULL, NULL, 1, 1, 1),
(415, 'cducebf', 'cducebf@constantcontact.com', 'Duce', 'Conway', 'hzNuFGCx', NULL, NULL, 1, 1, 1),
(416, 'wmcmeekanbg', 'wmcmeekanbg@nba.com', 'McMeekan', 'Waiter', '3eCStodUsz', NULL, NULL, 1, 1, 1),
(417, 'jlecornubh', 'jlecornubh@e-recht24.de', 'Le Cornu', 'Joana', 'BPuPZ68oHmT', NULL, NULL, 1, 1, 1),
(418, 'tclistbi', 'tclistbi@go.com', 'Clist', 'Trixi', 'FsPzvieZ', NULL, NULL, 1, 1, 1),
(419, 'faberkirderbj', 'faberkirderbj@nhs.uk', 'Aberkirder', 'Far', 'f3nAo9G', NULL, NULL, 1, 1, 1),
(420, 'azelleybk', 'azelleybk@infoseek.co.jp', 'Zelley', 'Ahmad', 'kkfQ0pX9', NULL, NULL, 1, 1, 1),
(421, 'bcharlobl', 'bcharlobl@census.gov', 'Charlo', 'Bowie', 'g22Udrd2Glsc', NULL, NULL, 1, 1, 1),
(422, 'msimkinsbm', 'msimkinsbm@toplist.cz', 'Simkins', 'Marie', 'A4vPxkVh', NULL, NULL, 1, 1, 1),
(423, 'gjovicevicbn', 'gjovicevicbn@illinois.edu', 'Jovicevic', 'Gianni', 'atd3ynE', NULL, NULL, 1, 1, 1),
(424, 'cbewshawbo', 'cbewshawbo@msn.com', 'Bewshaw', 'Caro', '3f9bfPED', NULL, NULL, 1, 1, 1),
(425, 'lhemphallbp', 'lhemphallbp@guardian.co.uk', 'Hemphall', 'Leann', 'Jf3fNwMLHT6S', NULL, NULL, 1, 1, 1),
(426, 'lboldrybq', 'lboldrybq@ucla.edu', 'Boldry', 'Lance', 'Cspu1Jv2Dqo', NULL, NULL, 1, 1, 1),
(427, 'rdishmanbr', 'rdishmanbr@army.mil', 'Dishman', 'Robby', 'JzJmf9nehZJ', NULL, NULL, 1, 1, 1),
(428, 'spatnellibs', 'spatnellibs@vinaora.com', 'Patnelli', 'Sloane', '0Hh1OLETuXl', NULL, NULL, 1, 1, 1),
(429, 'dwestoverbt', 'dwestoverbt@techcrunch.com', 'Westover', 'Deina', 'QLDtsqXGce', NULL, NULL, 1, 1, 1),
(430, 'tduinbletonbu', 'tduinbletonbu@reddit.com', 'Duinbleton', 'Theodor', 'QMZ5sadT', NULL, NULL, 1, 1, 1),
(431, 'mtaylderbv', 'mtaylderbv@cam.ac.uk', 'Taylder', 'Milly', 'uWh6rU', NULL, NULL, 1, 1, 1),
(432, 'cviscobw', 'cviscobw@omniture.com', 'Visco', 'Clementia', 'ODacQ43WRJjD', NULL, NULL, 1, 1, 1),
(433, 'ohelsdonbx', 'ohelsdonbx@furl.net', 'Helsdon', 'Odille', 'dXIjg4S0zeAk', NULL, NULL, 1, 1, 1),
(434, 'bifeby', 'bifeby@goo.gl', 'Ife', 'Brannon', 'AyTneLuXLXob', NULL, NULL, 1, 1, 1),
(435, 'jcosinbz', 'jcosinbz@storify.com', 'Cosin', 'Julieta', 'lRHFLPuh', NULL, NULL, 1, 1, 1),
(436, 'hstodec0', 'hstodec0@state.gov', 'Stode', 'Hall', 'YPZRVGdKPc', NULL, NULL, 1, 1, 1),
(437, 'jcrawcourc1', 'jcrawcourc1@businessweek.com', 'Crawcour', 'Jeramie', 'Gw5pnHRY', NULL, NULL, 1, 1, 1),
(438, 'aclouterc2', 'aclouterc2@dropbox.com', 'Clouter', 'Arlana', 'bOxQa99S', NULL, NULL, 1, 1, 1),
(439, 'tjewettc3', 'tjewettc3@earthlink.net', 'Jewett', 'Tanny', 'aKzPLDx', NULL, NULL, 1, 1, 1),
(440, 'klisamorec4', 'klisamorec4@friendfeed.com', 'Lisamore', 'Killy', 'Hr5mru6wf', NULL, NULL, 1, 1, 1),
(441, 'krablc5', 'krablc5@state.tx.us', 'Rabl', 'Karee', 'dK0rnpGVU43d', NULL, NULL, 1, 1, 1),
(442, 'sparkhousec6', 'sparkhousec6@shinystat.com', 'Parkhouse', 'Sabra', '5mGL3oWu6Ij', NULL, NULL, 1, 1, 1),
(443, 'pgethingc7', 'pgethingc7@gmpg.org', 'Gething', 'Pauly', 'jssYrJuKeN', NULL, NULL, 1, 1, 1),
(444, 'tbrickseyc8', 'tbrickseyc8@istockphoto.com', 'Bricksey', 'Tate', 'eZPDquyqeVtv', NULL, NULL, 1, 1, 1),
(445, 'rlindwallc9', 'rlindwallc9@4shared.com', 'Lindwall', 'Rodger', 'qybLmvuGVMH', NULL, NULL, 1, 1, 1),
(446, 'otisorca', 'otisorca@kickstarter.com', 'Tisor', 'Ogdon', 'ncMUCbLcR55f', NULL, NULL, 1, 1, 1),
(447, 'eizardcb', 'eizardcb@simplemachines.org', 'Izard', 'Ewen', 'TxmtXWpikP', NULL, NULL, 1, 1, 1),
(448, 'clacostecc', 'clacostecc@vistaprint.com', 'Lacoste', 'Christa', 'd5ZmOx', NULL, NULL, 1, 1, 1),
(449, 'mlowreycd', 'mlowreycd@facebook.com', 'Lowrey', 'Maxim', 'CwNfSqrs', NULL, NULL, 1, 1, 1),
(450, 'dbernotce', 'dbernotce@fema.gov', 'Bernot', 'Damita', '8uaCxsuz7k0', NULL, NULL, 1, 1, 1),
(451, 'docannoncf', 'docannoncf@myspace.com', 'O\'Cannon', 'Dulci', 'VbTEmKE3', NULL, NULL, 1, 1, 1),
(452, 'kmundallcg', 'kmundallcg@vimeo.com', 'Mundall', 'Katine', 'nRBRTB', NULL, NULL, 1, 1, 1),
(453, 'caspellch', 'caspellch@paginegialle.it', 'Aspell', 'Chev', 'mzCdEsWItg', NULL, NULL, 1, 1, 1),
(454, 'cclewsci', 'cclewsci@about.me', 'Clews', 'Carine', 'FvRmna', NULL, NULL, 1, 1, 1),
(455, 'rabdeecj', 'rabdeecj@ucoz.com', 'Abdee', 'Reagan', 'hZPy5qA', NULL, NULL, 1, 1, 1),
(456, 'ggoskarck', 'ggoskarck@dropbox.com', 'Goskar', 'Glynis', 'QKw5JDk0', NULL, NULL, 1, 1, 1),
(457, 'astokescl', 'astokescl@sogou.com', 'Stokes', 'Amery', 'VeeagUp5nHJ9', NULL, NULL, 1, 1, 1),
(458, 'gberefordcm', 'gberefordcm@sourceforge.net', 'Bereford', 'Gavra', '02g298', NULL, NULL, 1, 1, 1),
(459, 'cstoopcn', 'cstoopcn@taobao.com', 'Stoop', 'Corny', 'ya6LAG1X2x', NULL, NULL, 1, 1, 1),
(460, 'afarrellco', 'afarrellco@scribd.com', 'Farrell', 'Ambrosi', 'RBiDzgODF50J', NULL, NULL, 1, 1, 1),
(461, 'bwillischcp', 'bwillischcp@businessweek.com', 'Willisch', 'Bertram', 'AffajJiiLKL', NULL, NULL, 1, 1, 1),
(462, 'opetroniscq', 'opetroniscq@disqus.com', 'Petronis', 'Oralla', 'U2noZk', NULL, NULL, 1, 1, 1),
(463, 'hlambillioncr', 'hlambillioncr@bandcamp.com', 'Lambillion', 'Hendrik', 'b14vqJ', NULL, NULL, 1, 1, 1),
(464, 'tcarlettics', 'tcarlettics@statcounter.com', 'Carletti', 'Theodora', 'ZmfPiOP', NULL, NULL, 1, 1, 1),
(465, 'gninottict', 'gninottict@phoca.cz', 'Ninotti', 'Gwenneth', 'rpThJkkt', NULL, NULL, 1, 1, 1),
(466, 'ujacksoncu', 'ujacksoncu@bloomberg.com', 'Jackson', 'Urbanus', 'gifzGHae2FIa', NULL, NULL, 1, 1, 1),
(467, 'sliptrodcv', 'sliptrodcv@goodreads.com', 'Liptrod', 'Stephanie', 'ofAf6ow6k9', NULL, NULL, 1, 1, 1),
(468, 'adubbincw', 'adubbincw@pbs.org', 'Dubbin', 'Aliza', 'ChuXFxWCYuiU', NULL, NULL, 1, 1, 1),
(469, 'lkaryscx', 'lkaryscx@japanpost.jp', 'Karys', 'Lyon', '5oJMegUuuB7c', NULL, NULL, 1, 1, 1),
(470, 'lclethrocy', 'lclethrocy@nature.com', 'Clethro', 'Leonhard', 'Jo0sJpN5', NULL, NULL, 1, 1, 1),
(471, 'cmathyscz', 'cmathyscz@ebay.co.uk', 'Mathys', 'Cahra', 'WjUlzHJVeo0i', NULL, NULL, 1, 1, 1),
(472, 'msafelld0', 'msafelld0@state.tx.us', 'Safell', 'Marcille', 'U5e0mflPqOj', NULL, NULL, 1, 1, 1),
(473, 'olinnd1', 'olinnd1@narod.ru', 'Linn', 'Odilia', 'NotCaJNGv', NULL, NULL, 1, 1, 1),
(474, 'gsaytond2', 'gsaytond2@xrea.com', 'Sayton', 'Gustie', 'AodUs1WYM', NULL, NULL, 1, 1, 1),
(475, 'hbreesed3', 'hbreesed3@java.com', 'Breese', 'Horatio', 'pXr4sTU', NULL, NULL, 1, 1, 1),
(476, 'dslowgraved4', 'dslowgraved4@posterous.com', 'Slowgrave', 'Drusy', 'zRWjmtQT', NULL, NULL, 1, 1, 1),
(477, 'sbellhoused5', 'sbellhoused5@rediff.com', 'Bellhouse', 'Sonja', '3BHFNa1Od', NULL, NULL, 1, 1, 1),
(478, 'ifellosd6', 'ifellosd6@netvibes.com', 'Fellos', 'Ibbie', 'xVaWax', NULL, NULL, 1, 1, 1),
(479, 'ltomeod7', 'ltomeod7@example.com', 'Tomeo', 'Lauraine', 'djoRnX0', NULL, NULL, 1, 1, 1),
(480, 'amacconaghyd8', 'amacconaghyd8@fotki.com', 'Macconaghy', 'Abelard', 'C575jqfES', NULL, NULL, 1, 1, 1),
(481, 'xschefflerd9', 'xschefflerd9@hao123.com', 'Scheffler', 'Xenos', 'bzvahPe7g', NULL, NULL, 1, 1, 1),
(482, 'mstillwellda', 'mstillwellda@geocities.com', 'Stillwell', 'Max', 'UU3Vjwe', NULL, NULL, 1, 1, 1),
(483, 'gluddydb', 'gluddydb@opera.com', 'Luddy', 'Gabe', 'hOjzvFMcrl', NULL, NULL, 1, 1, 1),
(484, 'mbernettedc', 'mbernettedc@usgs.gov', 'Bernette', 'Moyna', 'iydjXZNnjt', NULL, NULL, 1, 1, 1),
(485, 'skilkennydd', 'skilkennydd@a8.net', 'Kilkenny', 'Sharon', 'b9PhRUZY', NULL, NULL, 1, 1, 1),
(486, 'jwhittockde', 'jwhittockde@latimes.com', 'Whittock', 'Johanna', 'c3uDse', NULL, NULL, 1, 1, 1),
(487, 'drummerdf', 'drummerdf@dion.ne.jp', 'Rummer', 'Deane', 'YmVzLWZ084Xx', NULL, NULL, 1, 1, 1),
(488, 'ifacerdg', 'ifacerdg@geocities.com', 'Facer', 'Ivette', '99w9o5RpWzxC', NULL, NULL, 1, 1, 1),
(489, 'camblerdh', 'camblerdh@narod.ru', 'Ambler', 'Currey', 'letl1x8p96zu', NULL, NULL, 1, 1, 1),
(490, 'lcowlamdi', 'lcowlamdi@blinklist.com', 'Cowlam', 'Lindie', 'FBdEqX7QX', NULL, NULL, 1, 1, 1),
(491, 'pwaistelldj', 'pwaistelldj@indiatimes.com', 'Waistell', 'Peri', 'b4QkvXKU', NULL, NULL, 1, 1, 1),
(492, 'epridendk', 'epridendk@google.com.hk', 'Priden', 'Eberhard', 'JBddHIPq', NULL, NULL, 1, 1, 1),
(493, 'jaylwindl', 'jaylwindl@theguardian.com', 'Aylwin', 'Jakob', '3JF0tb2kubyp', NULL, NULL, 1, 1, 1),
(494, 'oarnetdm', 'oarnetdm@shop-pro.jp', 'Arnet', 'Onfroi', 'a7GcdE7gjUD', NULL, NULL, 1, 1, 1),
(495, 'hmalacridadn', 'hmalacridadn@wired.com', 'Malacrida', 'Hercules', 'QMWpxOLmcJ', NULL, NULL, 1, 1, 1),
(496, 'cfebrydo', 'cfebrydo@liveinternet.ru', 'Febry', 'Carlyn', 'PT8oIH', NULL, NULL, 1, 1, 1),
(497, 'roverlowdp', 'roverlowdp@bandcamp.com', 'Overlow', 'Rodrique', 'yLTkra', NULL, NULL, 1, 1, 1),
(498, 'dgathwaitedq', 'dgathwaitedq@si.edu', 'Gathwaite', 'Darci', 'HlfA8NzxoyD6', NULL, NULL, 1, 1, 1),
(499, 'rbutrimovichdr', 'rbutrimovichdr@scientificamerican.com', 'Butrimovich', 'Regina', 'SII0JFK', NULL, NULL, 1, 1, 1),
(500, 'msealyds', 'msealyds@vkontakte.ru', 'Sealy', 'Margot', 'LUytvK1RV7', NULL, NULL, 1, 1, 1),
(501, 'laxupdt', 'laxupdt@symantec.com', 'Axup', 'Lucien', 'Gq6d9xK', NULL, NULL, 1, 1, 1),
(502, 'nwickersleydu', 'nwickersleydu@163.com', 'Wickersley', 'Nathan', 'kxpzwbNf7zM', NULL, NULL, 1, 1, 1),
(503, 'bkilledv', 'bkilledv@prweb.com', 'Kille', 'Bogey', 'NlzuYaC7DhTK', NULL, NULL, 1, 1, 1);
INSERT INTO `user` (`id`, `pseudo`, `email`, `name`, `firstname`, `password`, `description`, `instagram`, `newsletter`, `rank`, `image`) VALUES
(504, 'amcrilldw', 'amcrilldw@bigcartel.com', 'McRill', 'Annalee', 'YzUbd1t8O', NULL, NULL, 1, 1, 1),
(505, 'kbrusselldx', 'kbrusselldx@wikimedia.org', 'Brussell', 'Kenyon', 'FFnnz6Rr6Pe', NULL, NULL, 1, 1, 1),
(506, 'mcarnowdy', 'mcarnowdy@ameblo.jp', 'Carnow', 'Merwyn', 'li2iJEu0uiAg', NULL, NULL, 1, 1, 1),
(507, 'bmirfielddz', 'bmirfielddz@scientificamerican.com', 'Mirfield', 'Borg', '0UwddQimbj', NULL, NULL, 1, 1, 1),
(508, 'lhallete0', 'lhallete0@google.pl', 'Hallet', 'Lura', 'zX5UoDrE', NULL, NULL, 1, 1, 1),
(509, 'mtabouriere1', 'mtabouriere1@bing.com', 'Tabourier', 'Mata', '3nhd9H5L', NULL, NULL, 1, 1, 1),
(510, 'mmusickae2', 'mmusickae2@diigo.com', 'Musicka', 'Malissa', '4INSn1', NULL, NULL, 1, 1, 1),
(511, 'bklaase3', 'bklaase3@exblog.jp', 'Klaas', 'Bernardo', '9BwEXE', NULL, NULL, 1, 1, 1),
(512, 'qhalwoode4', 'qhalwoode4@unblog.fr', 'Halwood', 'Quintina', 'tUK2KcLXi3ra', NULL, NULL, 1, 1, 1),
(513, 'eruddlesdene5', 'eruddlesdene5@sciencedirect.com', 'Ruddlesden', 'Ernestine', 'Ncd0NmK', NULL, NULL, 1, 1, 1),
(514, 'eforbere6', 'eforbere6@unicef.org', 'Forber', 'Eydie', 'xMzUhrUGfe5M', NULL, NULL, 1, 1, 1),
(515, 'eberminghame7', 'eberminghame7@joomla.org', 'Bermingham', 'Evelyn', 'fH4dgD', NULL, NULL, 1, 1, 1),
(516, 'kpallye8', 'kpallye8@unicef.org', 'Pally', 'Kelsi', 'glt8UmWmvvR', NULL, NULL, 1, 1, 1),
(517, 'mcussonse9', 'mcussonse9@about.me', 'Cussons', 'Mavra', 'FNj2oid', NULL, NULL, 1, 1, 1),
(518, 'bbittlestoneea', 'bbittlestoneea@pinterest.com', 'Bittlestone', 'Beryle', 'gn1oLB5JPj', NULL, NULL, 1, 1, 1),
(519, 'wfallaeb', 'wfallaeb@army.mil', 'Falla', 'Willey', 'ZSg6aX2CDag5', NULL, NULL, 1, 1, 1),
(520, 'gdeftieec', 'gdeftieec@ucoz.com', 'Deftie', 'Gerty', 'dIcULj', NULL, NULL, 1, 1, 1),
(521, 'rgiblinged', 'rgiblinged@sohu.com', 'Gibling', 'Ramon', 'iKRJ4il', NULL, NULL, 1, 1, 1),
(522, 'mcrameee', 'mcrameee@google.es', 'Crame', 'Melissa', 'atJ5feoblr', NULL, NULL, 1, 1, 1),
(523, 'uhugonnetef', 'uhugonnetef@paginegialle.it', 'Hugonnet', 'Una', 'wrykFJctF', NULL, NULL, 1, 1, 1),
(524, 'oodowlingeg', 'oodowlingeg@imgur.com', 'O\'Dowling', 'Orv', 'bB8lGeCx4Qn', NULL, NULL, 1, 1, 1),
(525, 'wburgeeh', 'wburgeeh@cornell.edu', 'Burge', 'Wes', '6wiQDzDsDR', NULL, NULL, 1, 1, 1),
(526, 'mtomasikei', 'mtomasikei@a8.net', 'Tomasik', 'Megan', 'D8ifBDY5Xx', NULL, NULL, 1, 1, 1),
(527, 'sendleej', 'sendleej@alibaba.com', 'Endle', 'Sean', 'WbvuHaNxrM65', NULL, NULL, 1, 1, 1),
(528, 'blittledikeek', 'blittledikeek@multiply.com', 'Littledike', 'Berke', 'qECQVAQH', NULL, NULL, 1, 1, 1),
(529, 'cscortonel', 'cscortonel@mit.edu', 'Scorton', 'Casie', 'MyZhW0dzxJ', NULL, NULL, 1, 1, 1),
(530, 'mrenolem', 'mrenolem@sciencedaily.com', 'Renol', 'Maryl', 'JWtyDzZzaT4J', NULL, NULL, 1, 1, 1),
(531, 'sstainsbyen', 'sstainsbyen@newsvine.com', 'Stainsby', 'Stormy', 'fwjvDi2pV', NULL, NULL, 1, 1, 1),
(532, 'cobraddeneo', 'cobraddeneo@taobao.com', 'O\'Bradden', 'Corette', '946FfB', NULL, NULL, 1, 1, 1),
(533, 'emurthwaiteep', 'emurthwaiteep@cnet.com', 'Murthwaite', 'Emmaline', 'SaVg6UHHx', NULL, NULL, 1, 1, 1),
(534, 'gbeafordeq', 'gbeafordeq@wp.com', 'Beaford', 'Gerladina', 'pZHk39JI', NULL, NULL, 1, 1, 1),
(535, 'kespyer', 'kespyer@zdnet.com', 'Espy', 'Kristoffer', 'AKXKNzsaKzTW', NULL, NULL, 1, 1, 1),
(536, 'sbraunsteines', 'sbraunsteines@weibo.com', 'Braunstein', 'Seymour', '8HXfJEr', NULL, NULL, 1, 1, 1),
(537, 'dhaugheyet', 'dhaugheyet@cafepress.com', 'Haughey', 'Deidre', '4HplR8T5', NULL, NULL, 1, 1, 1),
(538, 'smassoweu', 'smassoweu@rediff.com', 'Massow', 'Si', '2WzPikQ', NULL, NULL, 1, 1, 1),
(539, 'bmargerrisonev', 'bmargerrisonev@de.vu', 'Margerrison', 'Bunny', 'UhnaD6bKR63', NULL, NULL, 1, 1, 1),
(540, 'ctaggertew', 'ctaggertew@bluehost.com', 'Taggert', 'Cobby', 'NLe2dMcB', NULL, NULL, 1, 1, 1),
(541, 'wksandraex', 'wksandraex@scientificamerican.com', 'Ksandra', 'Weylin', '3nExK5tpBe', NULL, NULL, 1, 1, 1),
(542, 'spalaey', 'spalaey@jugem.jp', 'Pala', 'Sigvard', 'ffMUZdFD', NULL, NULL, 1, 1, 1),
(543, 'dmantioneez', 'dmantioneez@wikispaces.com', 'Mantione', 'Dionysus', 'ExuvbmRif', NULL, NULL, 1, 1, 1),
(544, 'rpyottf0', 'rpyottf0@miitbeian.gov.cn', 'Pyott', 'Rodney', '4MfhpanTASiI', NULL, NULL, 1, 1, 1),
(545, 'tbarrasf1', 'tbarrasf1@studiopress.com', 'Barras', 'Trudi', 'JwYyb2lb', NULL, NULL, 1, 1, 1),
(546, 'twaref2', 'twaref2@spotify.com', 'Ware', 'Thornie', 'n9uRTtSuSpQ', NULL, NULL, 1, 1, 1),
(547, 'jhazlegrovef3', 'jhazlegrovef3@java.com', 'Hazlegrove', 'Jim', '9KuDv6', NULL, NULL, 1, 1, 1),
(548, 'mkirvellf4', 'mkirvellf4@privacy.gov.au', 'Kirvell', 'Maudie', 'v4kWECqBkKgD', NULL, NULL, 1, 1, 1),
(549, 'ajuschkef5', 'ajuschkef5@google.co.jp', 'Juschke', 'Adriane', 'Nke3j1aw', NULL, NULL, 1, 1, 1),
(550, 'bmoynhamf6', 'bmoynhamf6@creativecommons.org', 'Moynham', 'Brianne', 'IkcjDWgkt', NULL, NULL, 1, 1, 1),
(551, 'pbreachf7', 'pbreachf7@bloglovin.com', 'Breach', 'Pepe', 'DocmdM', NULL, NULL, 1, 1, 1),
(552, 'kprobynf8', 'kprobynf8@about.me', 'Probyn', 'Kaitlyn', 'AHBTjOz2utl', NULL, NULL, 1, 1, 1),
(553, 'pbrachellf9', 'pbrachellf9@paypal.com', 'Brachell', 'Patrica', 'DTh136FVmnJ', NULL, NULL, 1, 1, 1),
(554, 'mgrimsdykefa', 'mgrimsdykefa@usgs.gov', 'Grimsdyke', 'Maible', 'JfsqYfEs', NULL, NULL, 1, 1, 1),
(555, 'mcaltonfb', 'mcaltonfb@cloudflare.com', 'Calton', 'Marius', 'f28GK3Md3', NULL, NULL, 1, 1, 1),
(556, 'jlaughnanfc', 'jlaughnanfc@webnode.com', 'Laughnan', 'Jo', 'zo8L7DDXx9Z', NULL, NULL, 1, 1, 1),
(557, 'kkarppifd', 'kkarppifd@opensource.org', 'Karppi', 'Ker', 'A9UpbxXuZvj', NULL, NULL, 1, 1, 1),
(558, 'scaddockfe', 'scaddockfe@chron.com', 'Caddock', 'Scotti', 'ZrFroy', NULL, NULL, 1, 1, 1),
(559, 'mtumeltyff', 'mtumeltyff@mail.ru', 'Tumelty', 'Margarete', 'sk3VviU', NULL, NULL, 1, 1, 1),
(560, 'ywyantfg', 'ywyantfg@wikispaces.com', 'Wyant', 'Yovonnda', 'yRK8JkdFcbu', NULL, NULL, 1, 1, 1),
(561, 'rrecklessfh', 'rrecklessfh@addthis.com', 'Reckless', 'Reinald', 'TGoCuqv4', NULL, NULL, 1, 1, 1),
(562, 'bbatesonfi', 'bbatesonfi@typepad.com', 'Bateson', 'Briggs', 'jEEovz', NULL, NULL, 1, 1, 1),
(563, 'msharlandfj', 'msharlandfj@disqus.com', 'Sharland', 'Marji', 'kwBJng1HFa', NULL, NULL, 1, 1, 1),
(564, 'ccordiefk', 'ccordiefk@123-reg.co.uk', 'Cordie', 'Carrissa', '5ISU13v1u', NULL, NULL, 1, 1, 1),
(565, 'gjimesfl', 'gjimesfl@columbia.edu', 'Jimes', 'Guthrey', 'AHWktJO', NULL, NULL, 1, 1, 1),
(566, 'cdignonfm', 'cdignonfm@economist.com', 'Dignon', 'Candie', '4QqSfgvFVSn', NULL, NULL, 1, 1, 1),
(567, 'rspinckefn', 'rspinckefn@mozilla.org', 'Spincke', 'Rianon', 'X0PR9NP2Mf9i', NULL, NULL, 1, 1, 1),
(568, 'jblandamorefo', 'jblandamorefo@usnews.com', 'Blandamore', 'Josephina', 'pGuorkr6Q', NULL, NULL, 1, 1, 1),
(569, 'cloughranfp', 'cloughranfp@archive.org', 'Loughran', 'Conroy', '5HmmFBNqmc5', NULL, NULL, 1, 1, 1),
(570, 'mfintophfq', 'mfintophfq@cafepress.com', 'Fintoph', 'Marris', 'lY1xpBI6', NULL, NULL, 1, 1, 1),
(571, 'mbrattyfr', 'mbrattyfr@ftc.gov', 'Bratty', 'Milt', 'ZuUtVRrh', NULL, NULL, 1, 1, 1),
(572, 'rkimbroughfs', 'rkimbroughfs@dmoz.org', 'Kimbrough', 'Ruy', 'JYgm2myS48', NULL, NULL, 1, 1, 1),
(573, 'swilloxft', 'swilloxft@instagram.com', 'Willox', 'Spense', 'WYBKjZn0i', NULL, NULL, 1, 1, 1),
(574, 'srigtsfu', 'srigtsfu@walmart.com', 'Rigts', 'Sebastiano', '6fvvWt', NULL, NULL, 1, 1, 1),
(575, 'gmeiklemfv', 'gmeiklemfv@over-blog.com', 'Meiklem', 'Gretta', '8ppoO4', NULL, NULL, 1, 1, 1),
(576, 'ndinzeyfw', 'ndinzeyfw@privacy.gov.au', 'Dinzey', 'Natale', 'FNZp3XjjCkN', NULL, NULL, 1, 1, 1),
(577, 'rburnyatefx', 'rburnyatefx@google.fr', 'Burnyate', 'Reg', 'tjap97Fd', NULL, NULL, 1, 1, 1),
(578, 'rlewzeyfy', 'rlewzeyfy@fastcompany.com', 'Lewzey', 'Rurik', 'dF6KFPgphS', NULL, NULL, 1, 1, 1),
(579, 'cslanyfz', 'cslanyfz@sohu.com', 'Slany', 'Cissiee', 'Wcl6zy', NULL, NULL, 1, 1, 1),
(580, 'rfeachamg0', 'rfeachamg0@upenn.edu', 'Feacham', 'Rod', 'VBeBS4SMI', NULL, NULL, 1, 1, 1),
(581, 'wchuggg1', 'wchuggg1@behance.net', 'Chugg', 'Waldo', 'GcfdRhZ3uDFm', NULL, NULL, 1, 1, 1),
(582, 'lwhightmang2', 'lwhightmang2@aboutads.info', 'Whightman', 'Levy', 'cELdLXiYg', NULL, NULL, 1, 1, 1),
(583, 'ehiddsleyg3', 'ehiddsleyg3@php.net', 'Hiddsley', 'Emlen', 'IefsYwwW', NULL, NULL, 1, 1, 1),
(584, 'srixong4', 'srixong4@uol.com.br', 'Rixon', 'Shirlene', '3hklkwJ', NULL, NULL, 1, 1, 1),
(585, 'brootg5', 'brootg5@1und1.de', 'Root', 'Binny', 'WDwjzsZP', NULL, NULL, 1, 1, 1),
(586, 'mtapsfieldg6', 'mtapsfieldg6@quantcast.com', 'Tapsfield', 'Margot', '9aX7osh', NULL, NULL, 1, 1, 1),
(587, 'tregelousg7', 'tregelousg7@paginegialle.it', 'Regelous', 'Tamarah', 'RigHmj', NULL, NULL, 1, 1, 1),
(588, 'aolexag8', 'aolexag8@skyrock.com', 'Olexa', 'Agnesse', 'Vra33uzbFM', NULL, NULL, 1, 1, 1),
(589, 'sseligsong9', 'sseligsong9@thetimes.co.uk', 'Seligson', 'Simeon', 'gThnUrkr', NULL, NULL, 1, 1, 1),
(590, 'mgarnga', 'mgarnga@marketwatch.com', 'Garn', 'Martelle', 'd393fL', NULL, NULL, 1, 1, 1),
(591, 'cpearsegb', 'cpearsegb@princeton.edu', 'Pearse', 'Caryl', 'V8JtcpIWVBcC', NULL, NULL, 1, 1, 1),
(592, 'garcasegc', 'garcasegc@nba.com', 'Arcase', 'Gus', 'Us3MupD4', NULL, NULL, 1, 1, 1),
(593, 'dchislettgd', 'dchislettgd@nytimes.com', 'Chislett', 'Dex', 'WQQZz9hD', NULL, NULL, 1, 1, 1),
(594, 'kbroadburyge', 'kbroadburyge@51.la', 'Broadbury', 'Kirbee', 'S27OLUH3FVG', NULL, NULL, 1, 1, 1),
(595, 'hjacmargf', 'hjacmargf@nytimes.com', 'Jacmar', 'Holt', 'fA0pGnUxXAb', NULL, NULL, 1, 1, 1),
(596, 'zaspallgg', 'zaspallgg@kickstarter.com', 'Aspall', 'Zelda', '3O9UwYwPVQn', NULL, NULL, 1, 1, 1),
(597, 'aobornegh', 'aobornegh@clickbank.net', 'O\' Borne', 'Alethea', 'X9hNApTPdD', NULL, NULL, 1, 1, 1),
(598, 'mroadgi', 'mroadgi@army.mil', 'Road', 'Minnie', 'CALBr9', NULL, NULL, 1, 1, 1),
(599, 'bciottigj', 'bciottigj@bloglines.com', 'Ciotti', 'Billye', 'WmkBFabbi', NULL, NULL, 1, 1, 1),
(600, 'ameiningergk', 'ameiningergk@ask.com', 'Meininger', 'Antoine', 'WqTNy7ojYH', NULL, NULL, 1, 1, 1),
(601, 'nsermangl', 'nsermangl@tinypic.com', 'Serman', 'Nicola', '3OP4FbrShAlk', NULL, NULL, 1, 1, 1),
(602, 'jlaughrengm', 'jlaughrengm@senate.gov', 'Laughren', 'Joshua', 'pjKJ1exGCEb', NULL, NULL, 1, 1, 1),
(603, 'wnorthillgn', 'wnorthillgn@virginia.edu', 'Northill', 'Winfred', 'UrgYe1n', NULL, NULL, 1, 1, 1),
(604, 'vcarniliango', 'vcarniliango@bloglines.com', 'Carnilian', 'Vernon', 'vsVYS9mrC4', NULL, NULL, 1, 1, 1),
(605, 'jdinangp', 'jdinangp@europa.eu', 'Dinan', 'Jeni', 'VkIa5Fc254', NULL, NULL, 1, 1, 1),
(606, 'strammelgq', 'strammelgq@mail.ru', 'Trammel', 'Selig', '2QyQsUe8', NULL, NULL, 1, 1, 1),
(607, 'kcatheegr', 'kcatheegr@1688.com', 'Cathee', 'Kai', 'kqqv91CQuPf', NULL, NULL, 1, 1, 1),
(608, 'ajemisongs', 'ajemisongs@unblog.fr', 'Jemison', 'Antonio', 'pLkqNOknza3', NULL, NULL, 1, 1, 1),
(609, 'dgjerdegt', 'dgjerdegt@home.pl', 'Gjerde', 'Danny', 'vVqQi5o', NULL, NULL, 1, 1, 1),
(610, 'cwhitchurchgu', 'cwhitchurchgu@furl.net', 'Whitchurch', 'Cass', 'iLkNB04r', NULL, NULL, 1, 1, 1),
(611, 'lcammiemilegv', 'lcammiemilegv@twitpic.com', 'Cammiemile', 'Ludwig', 'xeRsHmlqP', NULL, NULL, 1, 1, 1),
(612, 'krimmingtongw', 'krimmingtongw@fda.gov', 'Rimmington', 'Kass', 'nzq7PV', NULL, NULL, 1, 1, 1),
(613, 'rlenggx', 'rlenggx@ox.ac.uk', 'Leng', 'Rustie', '8BOlfELM4', NULL, NULL, 1, 1, 1),
(614, 'smacgallgy', 'smacgallgy@goo.gl', 'MacGall', 'Salmon', 'tFxCMYerkQ', NULL, NULL, 1, 1, 1),
(615, 'knewlandgz', 'knewlandgz@upenn.edu', 'Newland', 'Kass', 'jUfImh', NULL, NULL, 1, 1, 1),
(616, 'rcraneyh0', 'rcraneyh0@gnu.org', 'Craney', 'Rhoda', 'kw9xTTTQtqR', NULL, NULL, 1, 1, 1),
(617, 'egillesonh1', 'egillesonh1@google.de', 'Gilleson', 'Elana', 'lT9wI7Swi1', NULL, NULL, 1, 1, 1),
(618, 'dandrush2', 'dandrush2@latimes.com', 'Andrus', 'Ddene', 'yWshyxhs', NULL, NULL, 1, 1, 1),
(619, 'jsaichh3', 'jsaichh3@jigsy.com', 'Saich', 'Jessica', 'PbkFgACqnQm8', NULL, NULL, 1, 1, 1),
(620, 'rcolthardh4', 'rcolthardh4@google.com', 'Colthard', 'Ricki', 'cp1igT', NULL, NULL, 1, 1, 1),
(621, 'hbossonsh5', 'hbossonsh5@ycombinator.com', 'Bossons', 'Hazlett', 'ktih46jG', NULL, NULL, 1, 1, 1),
(622, 'ktaggertyh6', 'ktaggertyh6@cdbaby.com', 'Taggerty', 'Karylin', 'SnFiuBMImI7S', NULL, NULL, 1, 1, 1),
(623, 'wwifflerh7', 'wwifflerh7@cargocollective.com', 'Wiffler', 'Ware', 'O95Z8BvNn8', NULL, NULL, 1, 1, 1),
(624, 'egoodleth8', 'egoodleth8@ebay.co.uk', 'Goodlet', 'Evey', 'ajqvK54HK', NULL, NULL, 1, 1, 1),
(625, 'rsawellh9', 'rsawellh9@seesaa.net', 'Sawell', 'Rosanna', '8Eit7IZWf', NULL, NULL, 1, 1, 1),
(626, 'dmathissenha', 'dmathissenha@furl.net', 'Mathissen', 'Dasha', 'HQJDDczQlaqa', NULL, NULL, 1, 1, 1),
(627, 'ttimmonshb', 'ttimmonshb@cyberchimps.com', 'Timmons', 'Towny', 'iKqfTUx', NULL, NULL, 1, 1, 1),
(628, 'astormshc', 'astormshc@sakura.ne.jp', 'Storms', 'Adriena', 'D1fPVRZSsi', NULL, NULL, 1, 1, 1),
(629, 'ldorseyhd', 'ldorseyhd@psu.edu', 'Dorsey', 'Lew', 'EhwhKUyBJ9tp', NULL, NULL, 1, 1, 1),
(630, 'rprinetthe', 'rprinetthe@boston.com', 'Prinett', 'Robin', 'qpJRXfXMMcE', NULL, NULL, 1, 1, 1),
(631, 'glicencehf', 'glicencehf@skyrock.com', 'Licence', 'Giusto', '1VWbmCRB', NULL, NULL, 1, 1, 1),
(632, 'cwoodwinhg', 'cwoodwinhg@mtv.com', 'Woodwin', 'Chen', 'efNg8nqPJ1', NULL, NULL, 1, 1, 1),
(633, 'aethelstonehh', 'aethelstonehh@usnews.com', 'Ethelstone', 'Alvera', 'qt6CjIq', NULL, NULL, 1, 1, 1),
(634, 'mgoblehi', 'mgoblehi@woothemes.com', 'Goble', 'Micheil', 'm1iSGGhr', NULL, NULL, 1, 1, 1),
(635, 'kjansemahj', 'kjansemahj@meetup.com', 'Jansema', 'Kania', 'AOWzwtZD0huD', NULL, NULL, 1, 1, 1),
(636, 'dwestmorlandhk', 'dwestmorlandhk@admin.ch', 'Westmorland', 'Drucill', 'N6okywNJPJ', NULL, NULL, 1, 1, 1),
(637, 'dantonchikhl', 'dantonchikhl@networksolutions.com', 'Antonchik', 'Devina', 'URDXPGAV', NULL, NULL, 1, 1, 1),
(638, 'pdyersonhm', 'pdyersonhm@nydailynews.com', 'Dyerson', 'Phylis', 'RCpshaw7', NULL, NULL, 1, 1, 1),
(639, 'flinnellhn', 'flinnellhn@yahoo.com', 'Linnell', 'Fabe', '6xXfbftDrm', NULL, NULL, 1, 1, 1),
(640, 'gchivrallho', 'gchivrallho@usa.gov', 'Chivrall', 'Gabbie', 'YlVFTwXPx5', NULL, NULL, 1, 1, 1),
(641, 'sdegiorgiohp', 'sdegiorgiohp@mozilla.com', 'De Giorgio', 'Sandor', 'VIYsAR', NULL, NULL, 1, 1, 1),
(642, 'spetrashkovhq', 'spetrashkovhq@reference.com', 'Petrashkov', 'Shanda', 'XyIzSYg', NULL, NULL, 1, 1, 1),
(643, 'ryegoshinhr', 'ryegoshinhr@shutterfly.com', 'Yegoshin', 'Roseann', 'zHubvQCH2KQh', NULL, NULL, 1, 1, 1),
(644, 'scrinionhs', 'scrinionhs@mit.edu', 'Crinion', 'Skye', 'tUxKlWYy5eP', NULL, NULL, 1, 1, 1),
(645, 'egrininht', 'egrininht@51.la', 'Grinin', 'Earl', 'iyCtcg', NULL, NULL, 1, 1, 1),
(647, 'eseywoodhv', 'eseywoodhv@psu.edu', 'Seywood', 'Elmo', 'Yea7vOW', NULL, NULL, 1, 1, 1),
(648, 'kforsdikehw', 'kforsdikehw@weibo.com', 'Forsdike', 'Kerby', '79vqAY1QU', NULL, NULL, 1, 1, 1),
(649, 'ntabbhx', 'ntabbhx@stumbleupon.com', 'Tabb', 'Noni', 'ZndqIjigY0l', NULL, NULL, 1, 1, 1),
(650, 'msmailehy', 'msmailehy@state.gov', 'Smaile', 'Markos', 'oDLd1dg', NULL, NULL, 1, 1, 1),
(651, 'jpristnorhz', 'jpristnorhz@deliciousdays.com', 'Pristnor', 'Jacques', 'xb7YKAzfISx', NULL, NULL, 1, 1, 1),
(652, 'amannixi0', 'amannixi0@buzzfeed.com', 'Mannix', 'Anabelle', 'HWJcSh', NULL, NULL, 1, 1, 1),
(653, 'bdrisselli1', 'bdrisselli1@irs.gov', 'Drissell', 'Blaire', 'UJqZHAgQ3f', NULL, NULL, 1, 1, 1),
(654, 'dashbridgei2', 'dashbridgei2@cargocollective.com', 'Ashbridge', 'Diana', 'PacwIYqqArQx', NULL, NULL, 1, 1, 1),
(655, 'eeveretti3', 'eeveretti3@sciencedirect.com', 'Everett', 'Emylee', 'XZYZwmb05r', NULL, NULL, 1, 1, 1),
(656, 'fsiredi4', 'fsiredi4@163.com', 'Sired', 'Fallon', 'EYBGJRQq', NULL, NULL, 1, 1, 1),
(657, 'esextyi5', 'esextyi5@adobe.com', 'Sexty', 'Etienne', 'bGwHxKXV', NULL, NULL, 1, 1, 1),
(658, 'vdimitrescui6', 'vdimitrescui6@e-recht24.de', 'Dimitrescu', 'Vevay', 'WsbcCco3G', NULL, NULL, 1, 1, 1),
(659, 'ctarpleei7', 'ctarpleei7@cam.ac.uk', 'Tarplee', 'Cosetta', 'zKhomJ', NULL, NULL, 1, 1, 1),
(660, 'fdumbarei8', 'fdumbarei8@prweb.com', 'Dumbare', 'Felecia', 'HShRr2j', NULL, NULL, 1, 1, 1),
(661, 'ndionsettoi9', 'ndionsettoi9@friendfeed.com', 'Dionsetto', 'Nonah', 'J5MCzI', NULL, NULL, 1, 1, 1),
(662, 'jdowsonia', 'jdowsonia@mtv.com', 'Dowson', 'Jessi', 'Sxo2GQu7', NULL, NULL, 1, 1, 1),
(663, 'ccauseyib', 'ccauseyib@lulu.com', 'Causey', 'Cecil', 'fQy6bP3RR8sz', NULL, NULL, 1, 1, 1),
(664, 'dsheldrickic', 'dsheldrickic@google.ca', 'Sheldrick', 'Dare', 'qsxeOJEFKCAn', NULL, NULL, 1, 1, 1),
(665, 'dbradberryid', 'dbradberryid@salon.com', 'Bradberry', 'Dominique', 'SShtMCW', NULL, NULL, 1, 1, 1),
(666, 'ccoattsie', 'ccoattsie@altervista.org', 'Coatts', 'Cy', 'C0WTYTRJf0i', NULL, NULL, 1, 1, 1),
(667, 'ewycliffif', 'ewycliffif@last.fm', 'Wycliff', 'Elinore', 'nzyLlJw7An', NULL, NULL, 1, 1, 1),
(669, 'dnorewoodih', 'dnorewoodih@photobucket.com', 'Norewood', 'Dick', 'JUJ1o9PHWsR', NULL, NULL, 1, 1, 1),
(670, 'cchalcraftii', 'cchalcraftii@gizmodo.com', 'Chalcraft', 'Charlotte', 'kVVaIdW5i', NULL, NULL, 1, 1, 1),
(671, 'dchominskiij', 'dchominskiij@jimdo.com', 'Chominski', 'Daphna', 'eFb2CvL', NULL, NULL, 1, 1, 1),
(672, 'edallimoreik', 'edallimoreik@opensource.org', 'Dallimore', 'Edgard', 'RZFY1RQPuVy', NULL, NULL, 1, 1, 1),
(673, 'trenzoil', 'trenzoil@bigcartel.com', 'Renzo', 'Ted', 'SLX5i8a82d', NULL, NULL, 1, 1, 1),
(674, 'bphilpotim', 'bphilpotim@google.com.hk', 'Philpot', 'Bobbette', 'CUV2VI', NULL, NULL, 1, 1, 1),
(675, 'sseagarin', 'sseagarin@networkadvertising.org', 'Seagar', 'Staford', '3Ef5KQRTE', NULL, NULL, 1, 1, 1),
(677, 'fmcguckinip', 'fmcguckinip@cpanel.net', 'McGuckin', 'Floris', 'WPZUFlV9Jx', NULL, NULL, 1, 1, 1),
(678, 'lsneesbieiq', 'lsneesbieiq@nba.com', 'Sneesbie', 'Loreen', 'szwMhYClC', NULL, NULL, 1, 1, 1),
(679, 'wcammockeir', 'wcammockeir@msu.edu', 'Cammocke', 'Walden', 'clJBICq', NULL, NULL, 1, 1, 1),
(680, 'fkentwellis', 'fkentwellis@tripod.com', 'Kentwell', 'Franchot', 'NGoThb1', NULL, NULL, 1, 1, 1),
(681, 'tpiatkowit', 'tpiatkowit@who.int', 'Piatkow', 'Trula', 'ctcGbAvEwDr', NULL, NULL, 1, 1, 1),
(682, 'grustiu', 'grustiu@hubpages.com', 'Rust', 'Godwin', 'mmS0pR2', NULL, NULL, 1, 1, 1),
(683, 'jkroliv', 'jkroliv@virginia.edu', 'Krol', 'Jacklyn', 'dTiQSRHV', NULL, NULL, 1, 1, 1),
(684, 'elostyiw', 'elostyiw@4shared.com', 'Losty', 'Elianora', 'tu9ei41gk3', NULL, NULL, 1, 1, 1),
(685, 'cstanyonix', 'cstanyonix@reference.com', 'Stanyon', 'Carla', 'rFpemEwkDu', NULL, NULL, 1, 1, 1),
(686, 'aerrigoiy', 'aerrigoiy@nih.gov', 'Errigo', 'Angie', 'xJRDtnB', NULL, NULL, 1, 1, 1),
(687, 'cguariniz', 'cguariniz@army.mil', 'Guarin', 'Cacilia', '95zxWwx', NULL, NULL, 1, 1, 1),
(688, 'gbourthoumieuxj0', 'gbourthoumieuxj0@amazon.com', 'Bourthoumieux', 'Geralda', 'LdHdiD', NULL, NULL, 1, 1, 1),
(689, 'bsayrej1', 'bsayrej1@scribd.com', 'Sayre', 'Brooke', 'yZm4P9Q', NULL, NULL, 1, 1, 1),
(690, 'cwestcottj2', 'cwestcottj2@craigslist.org', 'Westcott', 'Coletta', 'XHhrJd7Uh', NULL, NULL, 1, 1, 1),
(691, 'atreversj3', 'atreversj3@joomla.org', 'Trevers', 'Allene', 't0jrkxy6b3f', NULL, NULL, 1, 1, 1),
(692, 'wdaberj4', 'wdaberj4@nps.gov', 'Daber', 'Wallie', 'WM39n32Wf6rp', NULL, NULL, 1, 1, 1),
(693, 'eswainej5', 'eswainej5@cyberchimps.com', 'Swaine', 'Ewan', '7j7wuJsO', NULL, NULL, 1, 1, 1),
(694, 'kgildroyj6', 'kgildroyj6@com.com', 'Gildroy', 'Kassie', 'EnTox1', NULL, NULL, 1, 1, 1),
(695, 'ngalfourj7', 'ngalfourj7@networksolutions.com', 'Galfour', 'Naoma', 'k5L2GFi', NULL, NULL, 1, 1, 1),
(696, 'klambrechtsj8', 'klambrechtsj8@nydailynews.com', 'Lambrechts', 'Kalli', 'f2POA3yBPyRq', NULL, NULL, 1, 1, 1),
(697, 'bdarej9', 'bdarej9@tinypic.com', 'Dare', 'Benedetto', 'nEOoItmlf', NULL, NULL, 1, 1, 1),
(698, 'mbarenskyja', 'mbarenskyja@imdb.com', 'Barensky', 'Marius', 'U3vRo8f', NULL, NULL, 1, 1, 1),
(699, 'cschustjb', 'cschustjb@scribd.com', 'Schust', 'Candida', '2fxv9VEw2Q', NULL, NULL, 1, 1, 1),
(700, 'tsallissjc', 'tsallissjc@dailymotion.com', 'Salliss', 'Trstram', '9lq7Hg', NULL, NULL, 1, 1, 1),
(701, 'gegginsjd', 'gegginsjd@webs.com', 'Eggins', 'Grete', 'j3gcHUv8T62', NULL, NULL, 1, 1, 1),
(702, 'wlytellje', 'wlytellje@tinypic.com', 'Lytell', 'Worthington', 'PqxNxi', NULL, NULL, 1, 1, 1),
(703, 'rdowtryjf', 'rdowtryjf@nasa.gov', 'Dowtry', 'Regan', 'RLugsWeKbhN', NULL, NULL, 1, 1, 1),
(704, 'hhapsjg', 'hhapsjg@hibu.com', 'Haps', 'Hubie', 'w6qKrgsdOS', NULL, NULL, 1, 1, 1),
(705, 'bgyngelljh', 'bgyngelljh@prweb.com', 'Gyngell', 'Benedikta', 'GCBJVoudsjH', NULL, NULL, 1, 1, 1),
(706, 'acoulingji', 'acoulingji@over-blog.com', 'Couling', 'Annabela', 'GiTNe7Or', NULL, NULL, 1, 1, 1),
(707, 'ngotecliffejj', 'ngotecliffejj@icq.com', 'Gotecliffe', 'Neila', 'ihK0dL', NULL, NULL, 1, 1, 1),
(708, 'cledgertonjk', 'cledgertonjk@hud.gov', 'Ledgerton', 'Creighton', 'DXdue6WCrt7', NULL, NULL, 1, 1, 1),
(709, 'mskedgejl', 'mskedgejl@slashdot.org', 'Skedge', 'Milka', '4R0D3o1IsM', NULL, NULL, 1, 1, 1),
(710, 'zdengejm', 'zdengejm@usa.gov', 'Denge', 'Zarla', 'qvc2uXJ25Y', NULL, NULL, 1, 1, 1),
(711, 'jantonnikovjn', 'jantonnikovjn@webs.com', 'Antonnikov', 'Jaclyn', 'wksWNfyep', NULL, NULL, 1, 1, 1),
(712, 'dbocockjo', 'dbocockjo@nasa.gov', 'Bocock', 'Dode', 'jaIFhg3W', NULL, NULL, 1, 1, 1),
(713, 'shatherleighjp', 'shatherleighjp@e-recht24.de', 'Hatherleigh', 'Scarlett', 'YBeXdEINP', NULL, NULL, 1, 1, 1),
(714, 'ktuddenhamjq', 'ktuddenhamjq@tinyurl.com', 'Tuddenham', 'Kory', 'RuePinNd', NULL, NULL, 1, 1, 1),
(715, 'catheisjr', 'catheisjr@shutterfly.com', 'Atheis', 'Charo', '5hZSYPxlRhB1', NULL, NULL, 1, 1, 1),
(716, 'bsheranjs', 'bsheranjs@mapquest.com', 'Sheran', 'Benoit', 'vgM6YeXTYGY', NULL, NULL, 1, 1, 1),
(717, 'pcousinsjt', 'pcousinsjt@angelfire.com', 'Cousins', 'Patton', 'ziYhowJ', NULL, NULL, 1, 1, 1),
(718, 'keveryju', 'keveryju@washington.edu', 'Every', 'Kelli', '6h4D1jH95g', NULL, NULL, 1, 1, 1),
(719, 'zkleehuhlerjv', 'zkleehuhlerjv@theglobeandmail.com', 'Kleehuhler', 'Zonnya', 'bNNO4q4s', NULL, NULL, 1, 1, 1),
(720, 'jgouldthorpejw', 'jgouldthorpejw@unesco.org', 'Gouldthorpe', 'Jasper', 'TCJDCiSNV1', NULL, NULL, 1, 1, 1),
(721, 'pmcdoualjx', 'pmcdoualjx@youtu.be', 'McDoual', 'Pearl', 'nHXVuLv', NULL, NULL, 1, 1, 1),
(722, 'tcockshutjy', 'tcockshutjy@a8.net', 'Cockshut', 'Tanner', 'FxHooPx', NULL, NULL, 1, 1, 1),
(723, 'ccaultonjz', 'ccaultonjz@lycos.com', 'Caulton', 'Carree', 'h0FZsyKm', NULL, NULL, 1, 1, 1),
(724, 'dmollenek0', 'dmollenek0@baidu.com', 'Mollene', 'Daffi', 'VNm04xUBD9', NULL, NULL, 1, 1, 1),
(725, 'ekitsk1', 'ekitsk1@blogspot.com', 'Kits', 'Elwin', '9M4e560BA', NULL, NULL, 1, 1, 1),
(726, 'dkerk2', 'dkerk2@uol.com.br', 'Ker', 'Dayle', 'VC9N7yam', NULL, NULL, 1, 1, 1),
(727, 'schauncek3', 'schauncek3@chron.com', 'Chaunce', 'Sloane', 'CzZyKmITK1Fz', NULL, NULL, 1, 1, 1),
(728, 'emcvittiek4', 'emcvittiek4@shinystat.com', 'McVittie', 'Eduard', 'cjuv52SkcDtv', NULL, NULL, 1, 1, 1),
(729, 'jkienleink5', 'jkienleink5@behance.net', 'Kienlein', 'Jordain', 'cdhSUKckCn', NULL, NULL, 1, 1, 1),
(730, 'tbewickk6', 'tbewickk6@arizona.edu', 'Bewick', 'Tiebout', '6TcArDwqhs', NULL, NULL, 1, 1, 1),
(731, 'lfowlek7', 'lfowlek7@usa.gov', 'Fowle', 'Lorine', 'iSc5ZS', NULL, NULL, 1, 1, 1),
(732, 'asteptok8', 'asteptok8@bbb.org', 'Stepto', 'Ailina', 'dtfu0W', NULL, NULL, 1, 1, 1),
(733, 'achasierk9', 'achasierk9@delicious.com', 'Chasier', 'Alvinia', 'Kxrr7yZd9hmu', NULL, NULL, 1, 1, 1),
(734, 'rperrygoka', 'rperrygoka@upenn.edu', 'Perrygo', 'Roxie', 'Fsh4SOjKf', NULL, NULL, 1, 1, 1),
(735, 'ehaslegravekb', 'ehaslegravekb@ustream.tv', 'Haslegrave', 'Edin', '71SCCCD', NULL, NULL, 1, 1, 1),
(736, 'vmumbykc', 'vmumbykc@ucla.edu', 'Mumby', 'Vanya', 'kdBcmuyeLO', NULL, NULL, 1, 1, 1),
(737, 'jstredderkd', 'jstredderkd@rakuten.co.jp', 'Stredder', 'Jolynn', 'p4VMGmp7r9', NULL, NULL, 1, 1, 1),
(738, 'tdorreke', 'tdorreke@noaa.gov', 'Dorre', 'Thatch', 'IsfoApj', NULL, NULL, 1, 1, 1),
(739, 'wabreykf', 'wabreykf@symantec.com', 'Abrey', 'Wandis', 'ddNzDttVj', NULL, NULL, 1, 1, 1),
(740, 'dbouldekg', 'dbouldekg@oakley.com', 'Boulde', 'Donall', 'hrzRMw', NULL, NULL, 1, 1, 1),
(741, 'jchiplenkh', 'jchiplenkh@craigslist.org', 'Chiplen', 'Jourdain', 'WOZfSqC2Qk', NULL, NULL, 1, 1, 1),
(742, 'mcasementki', 'mcasementki@imdb.com', 'Casement', 'Mile', '157XLa', NULL, NULL, 1, 1, 1),
(743, 'dcodikj', 'dcodikj@surveymonkey.com', 'Codi', 'Donna', '7LgLhl', NULL, NULL, 1, 1, 1),
(744, 'bbenedictekk', 'bbenedictekk@creativecommons.org', 'Benedicte', 'Bertine', 'bvcUBv4ML', NULL, NULL, 1, 1, 1),
(745, 'mphilpinkl', 'mphilpinkl@histats.com', 'Philpin', 'Marisa', 'xGdzbHHqF', NULL, NULL, 1, 1, 1),
(746, 'gfrigoutkm', 'gfrigoutkm@wikispaces.com', 'Frigout', 'Ginelle', 'AAvA9ru', NULL, NULL, 1, 1, 1),
(747, 'rtompsettkn', 'rtompsettkn@yellowpages.com', 'Tompsett', 'Rica', 'Ofneh4uBsZ7l', NULL, NULL, 1, 1, 1),
(748, 'lmcgeeverko', 'lmcgeeverko@bizjournals.com', 'McGeever', 'Linda', 'ShQe5IapTkv', NULL, NULL, 1, 1, 1),
(749, 'scapronkp', 'scapronkp@mysql.com', 'Capron', 'Sayre', 'kR64QzD7Rut', NULL, NULL, 1, 1, 1),
(750, 'mtoffolokq', 'mtoffolokq@utexas.edu', 'Toffolo', 'Meredithe', 'rndNh1', NULL, NULL, 1, 1, 1),
(751, 'walessandrellikr', 'walessandrellikr@over-blog.com', 'Alessandrelli', 'Wolfie', 'hja4QyQY', NULL, NULL, 1, 1, 1),
(752, 'awabbks', 'awabbks@jugem.jp', 'Wabb', 'Adriena', 'OA9mJdhMxUAI', NULL, NULL, 1, 1, 1),
(753, 'hhennigerkt', 'hhennigerkt@w3.org', 'Henniger', 'Hildagarde', 'ZjGClOTNsdD', NULL, NULL, 1, 1, 1),
(754, 'vfisbyku', 'vfisbyku@ebay.co.uk', 'Fisby', 'Vivyanne', 'WnNuvwjFg', NULL, NULL, 1, 1, 1),
(755, 'jmaskelynekv', 'jmaskelynekv@seesaa.net', 'Maskelyne', 'Jodi', 'SfYrEULMk', NULL, NULL, 1, 1, 1),
(756, 'crolandkw', 'crolandkw@arizona.edu', 'Roland', 'Cortney', '2cSB6m6K', NULL, NULL, 1, 1, 1),
(757, 'dclaxsonkx', 'dclaxsonkx@unc.edu', 'Claxson', 'Dianna', 'meniJkI', NULL, NULL, 1, 1, 1),
(758, 'cmoresbyky', 'cmoresbyky@hp.com', 'Moresby', 'Carmelle', 'oUu7HqVS8gG', NULL, NULL, 1, 1, 1),
(759, 'smancktelowkz', 'smancktelowkz@ebay.co.uk', 'Mancktelow', 'Sim', 'eOgUT6dfz', NULL, NULL, 1, 1, 1),
(760, 'rchellaml0', 'rchellaml0@nba.com', 'Chellam', 'Rodd', 'rbGnSRi7Kb', NULL, NULL, 1, 1, 1),
(761, 'tjouandetl1', 'tjouandetl1@quantcast.com', 'Jouandet', 'Tripp', 'nrJxNVU', NULL, NULL, 1, 1, 1),
(762, 'bpettittl2', 'bpettittl2@privacy.gov.au', 'Pettitt', 'Bran', 'mVa6ZjdG', NULL, NULL, 1, 1, 1),
(763, 'bvedstral3', 'bvedstral3@sina.com.cn', 'Vedstra', 'Brnaby', '6TVquIJ', NULL, NULL, 1, 1, 1),
(764, 'cwhettonl4', 'cwhettonl4@twitpic.com', 'Whetton', 'Codi', 'kYlp0crLAGFL', NULL, NULL, 1, 1, 1),
(765, 'ccaplinl5', 'ccaplinl5@discuz.net', 'Caplin', 'Culley', '88qnWJPk1hr', NULL, NULL, 1, 1, 1),
(766, 'ljosephyl6', 'ljosephyl6@4shared.com', 'Josephy', 'Leonidas', 'qasbRF3', NULL, NULL, 1, 1, 1),
(767, 'btortl7', 'btortl7@addthis.com', 'Tort', 'Burlie', 'FptEltkyP', NULL, NULL, 1, 1, 1),
(768, 'edemicol8', 'edemicol8@skyrock.com', 'De Mico', 'Ethan', 'q3D0Vlnv', NULL, NULL, 1, 1, 1),
(769, 'bnardonil9', 'bnardonil9@samsung.com', 'Nardoni', 'Brandon', 'Ea5DTiDk', NULL, NULL, 1, 1, 1),
(770, 'rfoldla', 'rfoldla@narod.ru', 'Fold', 'Reinald', 'uUACDTdZ', NULL, NULL, 1, 1, 1),
(771, 'lnecoldslb', 'lnecoldslb@senate.gov', 'Necolds', 'Luciano', 'GyOwch7EOEqX', NULL, NULL, 1, 1, 1),
(772, 'estanhopelc', 'estanhopelc@upenn.edu', 'Stanhope', 'Elisha', 'nL4iRmbMnGD', NULL, NULL, 1, 1, 1),
(773, 'gschlagmanld', 'gschlagmanld@hp.com', 'Schlagman', 'Gusti', 'vd9jqXM', NULL, NULL, 1, 1, 1),
(774, 'tdimnagele', 'tdimnagele@tripod.com', 'Dimnage', 'Terri-jo', 'kHkyfl5tJleP', NULL, NULL, 1, 1, 1),
(775, 'aparkynslf', 'aparkynslf@chron.com', 'Parkyns', 'Amandi', 'iB8hZR0ZW', NULL, NULL, 1, 1, 1),
(776, 'cdosdilllg', 'cdosdilllg@independent.co.uk', 'Dosdill', 'Carma', 'yOF246PxS4N', NULL, NULL, 1, 1, 1),
(777, 'dnicholllh', 'dnicholllh@hostgator.com', 'Nicholl', 'Darcy', 'TAl8DpLdN', NULL, NULL, 1, 1, 1),
(778, 'clempennyli', 'clempennyli@blogger.com', 'Lempenny', 'Cymbre', '1R24Etb', NULL, NULL, 1, 1, 1),
(779, 'ifarryanlj', 'ifarryanlj@skype.com', 'Farryan', 'Inglebert', '3egJgQl', NULL, NULL, 1, 1, 1),
(780, 'obracknelllk', 'obracknelllk@paypal.com', 'Bracknell', 'Odella', 'dX3R9cuFF', NULL, NULL, 1, 1, 1),
(781, 'aphillerll', 'aphillerll@artisteer.com', 'Philler', 'Aldric', 'pdMCnNX5', NULL, NULL, 1, 1, 1),
(782, 'ilambrooklm', 'ilambrooklm@bbc.co.uk', 'Lambrook', 'Isak', 'mDgDS32', NULL, NULL, 1, 1, 1),
(783, 'jbraganzaln', 'jbraganzaln@vimeo.com', 'Braganza', 'Jameson', 'Jw4sMT', NULL, NULL, 1, 1, 1),
(784, 'akiddeylo', 'akiddeylo@newyorker.com', 'Kiddey', 'Aili', 'AbS8xeA4P1', NULL, NULL, 1, 1, 1),
(785, 'emannerslp', 'emannerslp@technorati.com', 'Manners', 'Elyn', '9opehH0Y', NULL, NULL, 1, 1, 1),
(786, 'jmcvielq', 'jmcvielq@purevolume.com', 'McVie', 'Jobi', 'iQSFIYMUhN', NULL, NULL, 1, 1, 1),
(787, 'lkrugmannlr', 'lkrugmannlr@oakley.com', 'Krugmann', 'Lelia', 'ASBcuVEHItsF', NULL, NULL, 1, 1, 1),
(788, 'gstowgillls', 'gstowgillls@mysql.com', 'Stowgill', 'Gideon', 'WimDFYy5', NULL, NULL, 1, 1, 1),
(789, 'kkenealylt', 'kkenealylt@plala.or.jp', 'Kenealy', 'Kristian', '5jGMOQShyS5', NULL, NULL, 1, 1, 1),
(790, 'ccowitzlu', 'ccowitzlu@blogs.com', 'Cowitz', 'Ceil', 'ovMpmyi', NULL, NULL, 1, 1, 1),
(791, 'jmallinsonlv', 'jmallinsonlv@ycombinator.com', 'Mallinson', 'Justina', 'rhFXuW1C6k', NULL, NULL, 1, 1, 1),
(792, 'ceckertlw', 'ceckertlw@multiply.com', 'Eckert', 'Cornelius', 't0r3U27AkCQb', NULL, NULL, 1, 1, 1),
(793, 'ebuicklx', 'ebuicklx@ow.ly', 'Buick', 'Ephrem', 'g8vWzLwOutkh', NULL, NULL, 1, 1, 1),
(794, 'pioselevichly', 'pioselevichly@wix.com', 'Ioselevich', 'Pernell', 'HhYPY8', NULL, NULL, 1, 1, 1),
(795, 'emckevanylz', 'emckevanylz@typepad.com', 'McKevany', 'Elsworth', '3OcsPCdjD', NULL, NULL, 1, 1, 1),
(796, 'saldhamm0', 'saldhamm0@blogtalkradio.com', 'Aldham', 'Selle', 'iNAjkxII0X', NULL, NULL, 1, 1, 1),
(797, 'kclingoem1', 'kclingoem1@ask.com', 'Clingoe', 'Kirsten', 'I9vZxx2dOM33', NULL, NULL, 1, 1, 1),
(799, 'jgaganm3', 'jgaganm3@mit.edu', 'Gagan', 'Jillene', 'urU80D1t7U', NULL, NULL, 1, 1, 1),
(800, 'dpaultonm4', 'dpaultonm4@amazon.co.jp', 'Paulton', 'Dante', 'ZDYoc7pIeOp', NULL, NULL, 1, 1, 1),
(801, 'lspragingm5', 'lspragingm5@xing.com', 'Spraging', 'Leland', 'V07mGieNMr0', NULL, NULL, 1, 1, 1),
(802, 'streagusm6', 'streagusm6@phpbb.com', 'Treagus', 'Shanta', 'LvruD8xuLY', NULL, NULL, 1, 1, 1),
(803, 'bstrachanm7', 'bstrachanm7@bigcartel.com', 'Strachan', 'Brien', '9S1Fr6dhV2K', NULL, NULL, 1, 1, 1),
(804, 'ljanwaym8', 'ljanwaym8@ox.ac.uk', 'Janway', 'Liam', 'KXO4i8LMAOP', NULL, NULL, 1, 1, 1),
(805, 'ccoggenm9', 'ccoggenm9@ftc.gov', 'Coggen', 'Carlye', '997Ks8', NULL, NULL, 1, 1, 1),
(806, 'mburfittma', 'mburfittma@woothemes.com', 'Burfitt', 'Mei', 'Vzk6DW', NULL, NULL, 1, 1, 1),
(807, 'ntackleymb', 'ntackleymb@ebay.co.uk', 'Tackley', 'Nellie', 'arTkkTTASaiZ', NULL, NULL, 1, 1, 1),
(808, 'nspaffordmc', 'nspaffordmc@tumblr.com', 'Spafford', 'Neel', 'xoHB96EC', NULL, NULL, 1, 1, 1),
(809, 'ashipperbottommd', 'ashipperbottommd@epa.gov', 'Shipperbottom', 'Ainslee', 'fWpyCoTcmn', NULL, NULL, 1, 1, 1),
(810, 'tpollettme', 'tpollettme@addthis.com', 'Pollett', 'Tracie', 'p2Ht1bjo9F', NULL, NULL, 1, 1, 1),
(811, 'mfriarymf', 'mfriarymf@amazon.com', 'Friary', 'Mikey', 'AyZvlexDxev', NULL, NULL, 1, 1, 1),
(812, 'lbazellemg', 'lbazellemg@nature.com', 'Bazelle', 'Loydie', 'CePuqGeX', NULL, NULL, 1, 1, 1),
(813, 'dwhitenmh', 'dwhitenmh@people.com.cn', 'Whiten', 'Dex', 'c67A8FV', NULL, NULL, 1, 1, 1),
(814, 'gcustymi', 'gcustymi@nymag.com', 'Custy', 'Giacinta', '1mPjfHoe9nWJ', NULL, NULL, 1, 1, 1),
(815, 'vspencermj', 'vspencermj@networksolutions.com', 'Spencer', 'Virgie', 'TWMVlF75Zl', NULL, NULL, 1, 1, 1),
(816, 'rbrucksteinmk', 'rbrucksteinmk@quantcast.com', 'Bruckstein', 'Royce', 'PbUUri', NULL, NULL, 1, 1, 1),
(817, 'agallichiccioml', 'agallichiccioml@ed.gov', 'Gallichiccio', 'Arel', 'bSUKON', NULL, NULL, 1, 1, 1),
(818, 'headsmm', 'headsmm@nih.gov', 'Eads', 'Henrie', 'uec7HLQ', NULL, NULL, 1, 1, 1),
(819, 'breynamn', 'breynamn@oaic.gov.au', 'Reyna', 'Britney', '3WiSyHKu', NULL, NULL, 1, 1, 1),
(820, 'bpettomo', 'bpettomo@friendfeed.com', 'Petto', 'Brooks', 'kuCEf8YzsIME', NULL, NULL, 1, 1, 1),
(821, 'tjillissmp', 'tjillissmp@wired.com', 'Jilliss', 'Tally', 'ZtOLtjZp', NULL, NULL, 1, 1, 1),
(822, 'fyarmouthmq', 'fyarmouthmq@howstuffworks.com', 'Yarmouth', 'Florella', 'zkkIhT', NULL, NULL, 1, 1, 1),
(823, 'dlarganmr', 'dlarganmr@altervista.org', 'Largan', 'Davy', 'IeADz4pd', NULL, NULL, 1, 1, 1),
(824, 'tpillerms', 'tpillerms@theglobeandmail.com', 'Piller', 'Tabitha', 'HSTNde', NULL, NULL, 1, 1, 1),
(825, 'rferminmt', 'rferminmt@nsw.gov.au', 'Fermin', 'Roley', 'uuZKwbQ8SIcj', NULL, NULL, 1, 1, 1),
(826, 'lfoulchermu', 'lfoulchermu@biblegateway.com', 'Foulcher', 'Linda', 'GKEYlE', NULL, NULL, 1, 1, 1),
(827, 'sghentmv', 'sghentmv@indiatimes.com', 'Ghent', 'Skippie', 'lSxCXDiCOahD', NULL, NULL, 1, 1, 1),
(828, 'ehubeauxmw', 'ehubeauxmw@scientificamerican.com', 'Hubeaux', 'Emmanuel', 'vrt3Corg', NULL, NULL, 1, 1, 1),
(829, 'jdaileymx', 'jdaileymx@vistaprint.com', 'Dailey', 'Jon', 'WBL3t4AUyBK', NULL, NULL, 1, 1, 1),
(831, 'marymz', 'marymz@who.int', 'Ary', 'Merrili', 'I3aY28HTr', NULL, NULL, 1, 1, 1),
(832, 'aiskowitzn0', 'aiskowitzn0@china.com.cn', 'Iskowitz', 'Artemis', 'c4yzWmdx4dA', NULL, NULL, 1, 1, 1),
(833, 'cnoakesn1', 'cnoakesn1@barnesandnoble.com', 'Noakes', 'Chrysler', 'OdW5Xw7LPo2V', NULL, NULL, 1, 1, 1),
(834, 'dneumannn2', 'dneumannn2@cisco.com', 'Neumann', 'Dar', 'WlUUiWgkZ', NULL, NULL, 1, 1, 1),
(835, 'nspencern3', 'nspencern3@scientificamerican.com', 'Spencer', 'Nealon', 'x1cSQ3O', NULL, NULL, 1, 1, 1),
(836, 'mgregoiren4', 'mgregoiren4@oaic.gov.au', 'Gregoire', 'Moss', 'ArS9BmDe', NULL, NULL, 1, 1, 1),
(837, 'mbennetn5', 'mbennetn5@unblog.fr', 'Bennet', 'Merrily', 'nDC28mC2C', NULL, NULL, 1, 1, 1),
(838, 'bzimmern6', 'bzimmern6@noaa.gov', 'Zimmer', 'Bradly', '4qbCidd85b', NULL, NULL, 1, 1, 1),
(839, 'smingayen7', 'smingayen7@wufoo.com', 'Mingaye', 'Skylar', 'pgEknlnAp', NULL, NULL, 1, 1, 1),
(840, 'rbeekn8', 'rbeekn8@vimeo.com', 'Beek', 'Rosa', 'iOmRIwSXsa', NULL, NULL, 1, 1, 1),
(841, 'lcrangn9', 'lcrangn9@dagondesign.com', 'Crang', 'Louis', 'FbI0fEBact', NULL, NULL, 1, 1, 1),
(842, 'omccullenna', 'omccullenna@fastcompany.com', 'McCullen', 'Osbourn', '1QkiLrgzR', NULL, NULL, 1, 1, 1),
(843, 'evanderkruysnb', 'evanderkruysnb@about.me', 'Van der Kruys', 'Ermina', 'dwzKselw', NULL, NULL, 1, 1, 1),
(844, 'kwisdishnc', 'kwisdishnc@merriam-webster.com', 'Wisdish', 'Kendra', 'MmLEuUFQMIgk', NULL, NULL, 1, 1, 1),
(845, 'jemanuellind', 'jemanuellind@mozilla.com', 'Emanuelli', 'Jordain', 'M8txIadjbZt', NULL, NULL, 1, 1, 1),
(846, 'skleinsteinne', 'skleinsteinne@goo.gl', 'Kleinstein', 'Susanna', 'fPLQaKm9n3', NULL, NULL, 1, 1, 1),
(847, 'tevelingnf', 'tevelingnf@google.com', 'Eveling', 'Taite', 't6gXAy', NULL, NULL, 1, 1, 1),
(848, 'agoodanewng', 'agoodanewng@about.me', 'Goodanew', 'Aron', '5RuXKCXCC', NULL, NULL, 1, 1, 1),
(849, 'sroscriggnh', 'sroscriggnh@xing.com', 'Roscrigg', 'Samuel', 'WCSxqd', NULL, NULL, 1, 1, 1),
(850, 'urobezni', 'urobezni@baidu.com', 'Robez', 'Ursala', 'V3kFcRR', NULL, NULL, 1, 1, 1),
(851, 'efaithfullnj', 'efaithfullnj@nasa.gov', 'Faithfull', 'Erhard', '27bhEwD9A', NULL, NULL, 1, 1, 1),
(852, 'ceatttoknk', 'ceatttoknk@google.com.br', 'Eatttok', 'Chrystel', 'FhqVdlYr', NULL, NULL, 1, 1, 1),
(853, 'jfairebrothernl', 'jfairebrothernl@blogtalkradio.com', 'Fairebrother', 'Josh', 'vK6nlTOi', NULL, NULL, 1, 1, 1),
(854, 'bcaigernm', 'bcaigernm@people.com.cn', 'Caiger', 'Baillie', 'GnLpc05o0YJR', NULL, NULL, 1, 1, 1),
(855, 'mschruurnn', 'mschruurnn@naver.com', 'Schruur', 'Marylynne', 'XIoR1nWKvu', NULL, NULL, 1, 1, 1),
(856, 'wsavilno', 'wsavilno@amazon.co.uk', 'Savil', 'Wally', 'lB0WW9vK4', NULL, NULL, 1, 1, 1),
(857, 'tavesquenp', 'tavesquenp@google.com.hk', 'Avesque', 'Twyla', 'uLj7zqDa4e', NULL, NULL, 1, 1, 1),
(858, 'swaterstonenq', 'swaterstonenq@spotify.com', 'Waterstone', 'Sadella', '66tTw2dR', NULL, NULL, 1, 1, 1),
(859, 'ewildesnr', 'ewildesnr@ustream.tv', 'Wildes', 'Elwood', 'ad2t6VesUnU', NULL, NULL, 1, 1, 1),
(860, 'rtevelovns', 'rtevelovns@nsw.gov.au', 'Tevelov', 'Rhianon', 'lGflT0DXkE', NULL, NULL, 1, 1, 1),
(861, 'djandelnt', 'djandelnt@i2i.jp', 'Jandel', 'Dill', '8GATIj4dCzuu', NULL, NULL, 1, 1, 1),
(862, 'cjusticenu', 'cjusticenu@cnn.com', 'Justice', 'Consalve', 'm187yL', NULL, NULL, 1, 1, 1),
(863, 'tfleischmannnv', 'tfleischmannnv@miitbeian.gov.cn', 'Fleischmann', 'Tamarah', '2xQCRBEFV', NULL, NULL, 1, 1, 1),
(864, 'gvanderhoevennw', 'gvanderhoevennw@acquirethisname.com', 'Van der Hoeven', 'Glendon', 'REAxdFAeuS', NULL, NULL, 1, 1, 1),
(865, 'ldumphreynx', 'ldumphreynx@netlog.com', 'Dumphrey', 'Loreen', 'fDbYl9w', NULL, NULL, 1, 1, 1),
(866, 'schristoffelsny', 'schristoffelsny@gravatar.com', 'Christoffels', 'Shelli', 'vtSVaC', NULL, NULL, 1, 1, 1),
(867, 'eedlingnz', 'eedlingnz@illinois.edu', 'Edling', 'Edouard', 'rhBTc1FYI', NULL, NULL, 1, 1, 1),
(868, 'ecrightono0', 'ecrightono0@github.io', 'Crighton', 'Eugenio', 'gLU1usJWNYMl', NULL, NULL, 1, 1, 1),
(869, 'hroyano1', 'hroyano1@aol.com', 'Royan', 'Hasty', 'S4A5vA', NULL, NULL, 1, 1, 1),
(870, 'cricioppoo2', 'cricioppoo2@over-blog.com', 'Ricioppo', 'Charmine', 'KEBLM1Sdvg', NULL, NULL, 1, 1, 1),
(871, 'mtaggetto3', 'mtaggetto3@mail.ru', 'Taggett', 'Muriel', 'wSSHyKuYQyO', NULL, NULL, 1, 1, 1),
(872, 'apuddefooto4', 'apuddefooto4@cloudflare.com', 'Puddefoot', 'Audrey', 'UY8uSaMBRxW', NULL, NULL, 1, 1, 1),
(873, 'frendbaeko5', 'frendbaeko5@pinterest.com', 'Rendbaek', 'Frederique', 'tZL0fqqhp', NULL, NULL, 1, 1, 1),
(874, 'cclareo6', 'cclareo6@hugedomains.com', 'Clare', 'Carny', '7DmqHHGE2kx', NULL, NULL, 1, 1, 1),
(875, 'fminardso7', 'fminardso7@sun.com', 'Minards', 'Ferdy', 'pRUmWspQnnul', NULL, NULL, 1, 1, 1),
(876, 'vdanahero8', 'vdanahero8@wikia.com', 'Danaher', 'Valentia', 'PMR2xHV40c', NULL, NULL, 1, 1, 1),
(877, 'cdjekico9', 'cdjekico9@google.de', 'Djekic', 'Clevie', '7nXStFng4a', NULL, NULL, 1, 1, 1),
(878, 'osingletonoa', 'osingletonoa@creativecommons.org', 'Singleton', 'Olly', 'cEb912N', NULL, NULL, 1, 1, 1),
(879, 'celgeyob', 'celgeyob@dell.com', 'Elgey', 'Clerissa', 'g5l8WIVZ', NULL, NULL, 1, 1, 1),
(880, 'hyarhamoc', 'hyarhamoc@merriam-webster.com', 'Yarham', 'Harmon', '628KvYvgB', NULL, NULL, 1, 1, 1),
(881, 'jcomolliod', 'jcomolliod@eepurl.com', 'Comolli', 'Jasper', 'jvqkdvmQy', NULL, NULL, 1, 1, 1),
(882, 'msandbatchoe', 'msandbatchoe@tumblr.com', 'Sandbatch', 'Mickie', 'lC5f4QFvKYh', NULL, NULL, 1, 1, 1),
(883, 'amapledooreof', 'amapledooreof@elegantthemes.com', 'Mapledoore', 'Asa', 'TXv3Jec13sb', NULL, NULL, 1, 1, 1),
(884, 'dchantrellog', 'dchantrellog@ebay.co.uk', 'Chantrell', 'Dwight', 'QeAfbBUjH71', NULL, NULL, 1, 1, 1),
(885, 'gboswardoh', 'gboswardoh@barnesandnoble.com', 'Bosward', 'Gusty', 'aOdH0V6Djrb', NULL, NULL, 1, 1, 1),
(886, 'avandermerweoi', 'avandermerweoi@yahoo.com', 'Van der Merwe', 'Adan', '3Wb4VlDT7cA', NULL, NULL, 1, 1, 1),
(887, 'ewollandoj', 'ewollandoj@sfgate.com', 'Wolland', 'Eal', '6O1Acg6qoM', NULL, NULL, 1, 1, 1),
(888, 'gkarpeevok', 'gkarpeevok@vkontakte.ru', 'Karpeev', 'Gay', 'x0Hv6MKsT', NULL, NULL, 1, 1, 1),
(889, 'bteodoriol', 'bteodoriol@ucoz.com', 'Teodori', 'Bond', 'rp3ECGz', NULL, NULL, 1, 1, 1),
(890, 'tlammerdingom', 'tlammerdingom@blogger.com', 'Lammerding', 'Tamra', 'R45nOP', NULL, NULL, 1, 1, 1),
(891, 'cmoyleson', 'cmoyleson@hexun.com', 'Moyles', 'Charil', 'TZlTyu', NULL, NULL, 1, 1, 1),
(892, 'dlowoo', 'dlowoo@epa.gov', 'Low', 'Dona', 'pmMrxu', NULL, NULL, 1, 1, 1),
(893, 'cmcnirlanop', 'cmcnirlanop@bravesites.com', 'McNirlan', 'Celina', 'ZFG4XHW', NULL, NULL, 1, 1, 1),
(894, 'lcutbushoq', 'lcutbushoq@gizmodo.com', 'Cutbush', 'Lurleen', '2QPRDe', NULL, NULL, 1, 1, 1),
(895, 'fgironor', 'fgironor@stumbleupon.com', 'Giron', 'Fran', 'voUXA62', NULL, NULL, 1, 1, 1),
(896, 'cscarletos', 'cscarletos@walmart.com', 'Scarlet', 'Cordy', '3cdWEpTS4', NULL, NULL, 1, 1, 1),
(897, 'cburnyeatot', 'cburnyeatot@mediafire.com', 'Burnyeat', 'Clarisse', 'NOS2t8dO', NULL, NULL, 1, 1, 1),
(898, 'wgofordou', 'wgofordou@so-net.ne.jp', 'Goford', 'Welch', 's7GMr3x', NULL, NULL, 1, 1, 1),
(899, 'wkneeshaov', 'wkneeshaov@npr.org', 'Kneesha', 'Wesley', 'k68PMSP', NULL, NULL, 1, 1, 1),
(900, 'cscholcroftow', 'cscholcroftow@java.com', 'Scholcroft', 'Calhoun', 'tDV0mmOr', NULL, NULL, 1, 1, 1),
(901, 'baylettox', 'baylettox@eventbrite.com', 'Aylett', 'Babs', 'eMjSnc', NULL, NULL, 1, 1, 1),
(902, 'elevingsoy', 'elevingsoy@nps.gov', 'Levings', 'Ervin', 'hrN0fQ', NULL, NULL, 1, 1, 1),
(903, 'mmoninioz', 'mmoninioz@imageshack.us', 'Monini', 'Morton', 'mN7hXfZ', NULL, NULL, 1, 1, 1),
(904, 'cheaslyp0', 'cheaslyp0@intel.com', 'Heasly', 'Christoffer', 'dOa0cyR', NULL, NULL, 1, 1, 1),
(905, 'bsiggsp1', 'bsiggsp1@freewebs.com', 'Siggs', 'Bernarr', 'zCMXIR9NR', NULL, NULL, 1, 1, 1),
(906, 'jtripep2', 'jtripep2@wp.com', 'Tripe', 'Jammie', '6SZyg4Gbkop', NULL, NULL, 1, 1, 1),
(907, 'fmacalorenp3', 'fmacalorenp3@woothemes.com', 'MacAloren', 'Flori', 'lqPqrl6Z', NULL, NULL, 1, 1, 1),
(908, 'emabonp4', 'emabonp4@ucla.edu', 'Mabon', 'Eberto', '76iwWnZVR', NULL, NULL, 1, 1, 1),
(909, 'jbowshirep5', 'jbowshirep5@google.com', 'Bowshire', 'Jean', 'zCI8xtY3', NULL, NULL, 1, 1, 1),
(910, 'sakettp6', 'sakettp6@baidu.com', 'Akett', 'Shanda', 'L0GLVjXP', NULL, NULL, 1, 1, 1),
(911, 'akubacekp7', 'akubacekp7@who.int', 'Kubacek', 'Amos', 'zuxJDMIVDSo', NULL, NULL, 1, 1, 1),
(912, 'vamsbergerp8', 'vamsbergerp8@opera.com', 'Amsberger', 'Vail', 'OieQqMe6ksh1', NULL, NULL, 1, 1, 1),
(913, 'mlowerp9', 'mlowerp9@tiny.cc', 'Lower', 'Melvin', 'lfAM3VrnTa', NULL, NULL, 1, 1, 1),
(914, 'ndurbridgepa', 'ndurbridgepa@webs.com', 'Durbridge', 'Nancy', 'ZiipKWjey', NULL, NULL, 1, 1, 1),
(915, 'wseelbachpb', 'wseelbachpb@technorati.com', 'Seelbach', 'Wyatt', 'ncoT6Aw3AdP', NULL, NULL, 1, 1, 1),
(916, 'szorzinipc', 'szorzinipc@indiatimes.com', 'Zorzini', 'Sidoney', 'tTQAL9Ky', NULL, NULL, 1, 1, 1),
(917, 'bbiagipd', 'bbiagipd@ezinearticles.com', 'Biagi', 'Brenda', 'ptESLtHEF', NULL, NULL, 1, 1, 1),
(918, 'htolomeipe', 'htolomeipe@bizjournals.com', 'Tolomei', 'Hedvige', 'FMJlEt979', NULL, NULL, 1, 1, 1),
(919, 'lmedmorepf', 'lmedmorepf@wikimedia.org', 'Medmore', 'Lila', 'DQZZkppmC', NULL, NULL, 1, 1, 1),
(920, 'csacklerpg', 'csacklerpg@google.com.au', 'Sackler', 'Charin', 'kJU7D3RzxD', NULL, NULL, 1, 1, 1),
(921, 'grichardph', 'grichardph@toplist.cz', 'Richard', 'Geoff', 'w0aPux5TOtW', NULL, NULL, 1, 1, 1),
(922, 'dtordiffepi', 'dtordiffepi@ucsd.edu', 'Tordiffe', 'Drugi', 'kmDByNWZxwfZ', NULL, NULL, 1, 1, 1),
(923, 'jdedmanpj', 'jdedmanpj@stumbleupon.com', 'Dedman', 'Johnathan', 'CX3vFEPZ2fAU', NULL, NULL, 1, 1, 1),
(924, 'gpettiwardpk', 'gpettiwardpk@abc.net.au', 'Pettiward', 'Gayleen', 'kM8EKKr1wX7m', NULL, NULL, 1, 1, 1),
(925, 'rheinekenpl', 'rheinekenpl@huffingtonpost.com', 'Heineken', 'Ricard', 'lTjh1AOy70f', NULL, NULL, 1, 1, 1),
(926, 'kropepm', 'kropepm@nationalgeographic.com', 'Rope', 'Krishna', 'P1B72FiPk8i', NULL, NULL, 1, 1, 1),
(927, 'hnizetpn', 'hnizetpn@prlog.org', 'Nizet', 'Henrie', 'pd9jhaib', NULL, NULL, 1, 1, 1),
(928, 'hfreanpo', 'hfreanpo@qq.com', 'Frean', 'Hewett', 'AbbnATvQa6ps', NULL, NULL, 1, 1, 1),
(929, 'efiridolfipp', 'efiridolfipp@berkeley.edu', 'Firidolfi', 'Edna', 'hU2gPCaz', NULL, NULL, 1, 1, 1),
(930, 'bsacklerpq', 'bsacklerpq@cmu.edu', 'Sackler', 'Betta', '6eLDDly', NULL, NULL, 1, 1, 1),
(931, 'jpetrashovpr', 'jpetrashovpr@4shared.com', 'Petrashov', 'Julianna', '9uQfYU', NULL, NULL, 1, 1, 1),
(932, 'dpenneyps', 'dpenneyps@princeton.edu', 'Penney', 'Drake', 'rWCVLULNy', NULL, NULL, 1, 1, 1),
(933, 'pholttompt', 'pholttompt@blogspot.com', 'Holttom', 'Perla', 'nemKze0', NULL, NULL, 1, 1, 1),
(934, 'cedelheitpu', 'cedelheitpu@issuu.com', 'Edelheit', 'Corbin', 'lMJ1sRU', NULL, NULL, 1, 1, 1),
(935, 'dvallowpv', 'dvallowpv@paypal.com', 'Vallow', 'Doroteya', 'TN914bwX', NULL, NULL, 1, 1, 1),
(936, 'kantonatpw', 'kantonatpw@redcross.org', 'Antonat', 'Keir', 'YBdZVKsSzrGi', NULL, NULL, 1, 1, 1),
(937, 'araoultpx', 'araoultpx@chronoengine.com', 'Raoult', 'Axe', 'KKGPPfq', NULL, NULL, 1, 1, 1),
(938, 'sbriscampy', 'sbriscampy@usatoday.com', 'Briscam', 'Sigismond', '6xPNfCdUWx', NULL, NULL, 1, 1, 1),
(939, 'lpilkingtonpz', 'lpilkingtonpz@ucoz.com', 'Pilkington', 'Libby', 'F24GtfM0', NULL, NULL, 1, 1, 1),
(940, 'edemkoq0', 'edemkoq0@creativecommons.org', 'Demko', 'Elka', 'JuLI0e', NULL, NULL, 1, 1, 1),
(941, 'cshapterq1', 'cshapterq1@ycombinator.com', 'Shapter', 'Clementina', 'vlPHIr7HRc0', NULL, NULL, 1, 1, 1),
(942, 'aknowllerq2', 'aknowllerq2@netvibes.com', 'Knowller', 'Augustina', '9vg8AF', NULL, NULL, 1, 1, 1),
(943, 'jlaurischq3', 'jlaurischq3@cocolog-nifty.com', 'Laurisch', 'Jane', 'PAtUg6ej', NULL, NULL, 1, 1, 1),
(944, 'mlamartineq4', 'mlamartineq4@utexas.edu', 'Lamartine', 'Moe', 'jda0OG4', NULL, NULL, 1, 1, 1),
(945, 'gpegdenq5', 'gpegdenq5@dropbox.com', 'Pegden', 'Grover', 'LAeLry9UBi', NULL, NULL, 1, 1, 1),
(946, 'bstellmanq6', 'bstellmanq6@netvibes.com', 'Stellman', 'Bab', 'oq4qncpY', NULL, NULL, 1, 1, 1),
(947, 'tdumphreyq7', 'tdumphreyq7@booking.com', 'Dumphrey', 'Tobe', '7pnjwK0t', NULL, NULL, 1, 1, 1),
(948, 'nnouryq8', 'nnouryq8@vistaprint.com', 'Noury', 'Neron', '4kFarSQibPt', NULL, NULL, 1, 1, 1),
(949, 'winglibyq9', 'winglibyq9@epa.gov', 'Ingliby', 'Wolfie', 'LmgmqVVBNZ2t', NULL, NULL, 1, 1, 1),
(950, 'hazemaqa', 'hazemaqa@ameblo.jp', 'Azema', 'Harwilll', 'qF4zd40hMN', NULL, NULL, 1, 1, 1),
(951, 'aellwoodqb', 'aellwoodqb@cbc.ca', 'Ellwood', 'Abner', 'gZG6VvK9', NULL, NULL, 1, 1, 1),
(952, 'adoddemeedeqc', 'adoddemeedeqc@samsung.com', 'Doddemeede', 'Anders', 'VvaoXKzD', NULL, NULL, 1, 1, 1),
(953, 'rwalthoqd', 'rwalthoqd@independent.co.uk', 'Waltho', 'Rip', '2tlookS', NULL, NULL, 1, 1, 1),
(954, 'dfearnsidesqe', 'dfearnsidesqe@delicious.com', 'Fearnsides', 'Donetta', 'irkOpR1JwtD', NULL, NULL, 1, 1, 1),
(955, 'edeardsqf', 'edeardsqf@rakuten.co.jp', 'Deards', 'Eva', '3dk69znt2', NULL, NULL, 1, 1, 1),
(956, 'jallenderqg', 'jallenderqg@live.com', 'Allender', 'Joete', 'sk4Fldu3fj6', NULL, NULL, 1, 1, 1),
(957, 'bstraneoqh', 'bstraneoqh@cdbaby.com', 'Straneo', 'Bria', 'thhaxZC', NULL, NULL, 1, 1, 1),
(958, 'mpindarqi', 'mpindarqi@unblog.fr', 'Pindar', 'Merrily', 'czSjVE', NULL, NULL, 1, 1, 1),
(959, 'dwessellqj', 'dwessellqj@google.cn', 'Wessell', 'Dulcie', 'uAQ3JFiQ', NULL, NULL, 1, 1, 1),
(960, 'mheakeqk', 'mheakeqk@house.gov', 'Heake', 'Matteo', 'A8UJTsPR9', NULL, NULL, 1, 1, 1),
(961, 'mkabschql', 'mkabschql@nationalgeographic.com', 'Kabsch', 'Matthaeus', 'C6DBTDbXM', NULL, NULL, 1, 1, 1),
(962, 'yredfieldqm', 'yredfieldqm@netlog.com', 'Redfield', 'Yardley', 'woZTzN', NULL, NULL, 1, 1, 1),
(963, 'pnazaretqn', 'pnazaretqn@edublogs.org', 'Nazaret', 'Phaedra', '6MYnVJkCH', NULL, NULL, 1, 1, 1),
(964, 'ssprulesqo', 'ssprulesqo@foxnews.com', 'Sprules', 'Saunders', 'hUOGbvB', NULL, NULL, 1, 1, 1),
(965, 'dstickleyqp', 'dstickleyqp@wordpress.com', 'Stickley', 'Damon', 'FAUgvdaUMQ', NULL, NULL, 1, 1, 1),
(966, 'nbrimacombeqq', 'nbrimacombeqq@liveinternet.ru', 'Brimacombe', 'Noreen', 'TKsbfTvy6NzM', NULL, NULL, 1, 1, 1),
(967, 'drueqr', 'drueqr@tamu.edu', 'Rue', 'Derk', 'b2yqYK2', NULL, NULL, 1, 1, 1),
(968, 'escobbieqs', 'escobbieqs@pbs.org', 'Scobbie', 'Eveline', 'GTpQiEts5ax', NULL, NULL, 1, 1, 1),
(969, 'everrechiaqt', 'everrechiaqt@51.la', 'Verrechia', 'Evangelina', 'CNKecu7VRt', NULL, NULL, 1, 1, 1),
(970, 'cstudqu', 'cstudqu@blogtalkradio.com', 'Stud', 'Carolee', '7Gb2mdi', NULL, NULL, 1, 1, 1),
(971, 'sbrazeltonqv', 'sbrazeltonqv@reddit.com', 'Brazelton', 'Sidnee', 'ca3QwCWzeCdv', NULL, NULL, 1, 1, 1),
(972, 'kantatqw', 'kantatqw@istockphoto.com', 'Antat', 'Kaitlynn', 'FVeWOr', NULL, NULL, 1, 1, 1),
(973, 'talderseyqx', 'talderseyqx@craigslist.org', 'Aldersey', 'Talbert', 'OvjEhBW', NULL, NULL, 1, 1, 1),
(974, 'jjacobbeqy', 'jjacobbeqy@artisteer.com', 'Jacobbe', 'Jarvis', 'Rebysyp', NULL, NULL, 1, 1, 1),
(975, 'tbrahanqz', 'tbrahanqz@ucla.edu', 'Brahan', 'Teodoor', 'QGmPOib7YXOT', NULL, NULL, 1, 1, 1),
(976, 'imarkovicr0', 'imarkovicr0@youtu.be', 'Markovic', 'Issy', 'JByI7hXm4uR4', NULL, NULL, 1, 1, 1),
(977, 'pephsonr1', 'pephsonr1@github.com', 'Ephson', 'Phillip', 'K8e7XEXUzRTV', NULL, NULL, 1, 1, 1),
(978, 'bfaderr2', 'bfaderr2@over-blog.com', 'Fader', 'Barbette', 'KWRUDD3', NULL, NULL, 1, 1, 1),
(979, 'esilkstonr3', 'esilkstonr3@twitter.com', 'Silkston', 'Elliott', 'aL75wC', NULL, NULL, 1, 1, 1),
(980, 'lwozencraftr4', 'lwozencraftr4@marriott.com', 'Wozencraft', 'Lelah', 'yv4JnJ7N9O', NULL, NULL, 1, 1, 1),
(981, 'tdohrmannr5', 'tdohrmannr5@telegraph.co.uk', 'Dohrmann', 'Tallia', 'RMhuNITyn', NULL, NULL, 1, 1, 1),
(982, 'pgammettr6', 'pgammettr6@etsy.com', 'Gammett', 'Pedro', 'bQEdp8mPOH', NULL, NULL, 1, 1, 1),
(983, 'jheathcoter7', 'jheathcoter7@google.ca', 'Heathcote', 'Jacquette', 'WfwpZI', NULL, NULL, 1, 1, 1),
(984, 'temansonr8', 'temansonr8@diigo.com', 'Emanson', 'Thalia', 'tohKr8pJm6J9', NULL, NULL, 1, 1, 1),
(985, 'dkensittr9', 'dkensittr9@hp.com', 'Kensitt', 'Doloritas', 'XD6KCzir2jc', NULL, NULL, 1, 1, 1),
(986, 'iedworthiera', 'iedworthiera@rambler.ru', 'Edworthie', 'Imogene', 'bYWNBZTT', NULL, NULL, 1, 1, 1),
(987, 'rmugglestonrb', 'rmugglestonrb@npr.org', 'Muggleston', 'Rosabel', '7Tv73Dk7szo', NULL, NULL, 1, 1, 1),
(988, 'vdilowayrc', 'vdilowayrc@clickbank.net', 'Diloway', 'Vlad', 'o0zdfck', NULL, NULL, 1, 1, 1),
(989, 'amolfinord', 'amolfinord@army.mil', 'Molfino', 'Alfred', '94r1k34PaYk', NULL, NULL, 1, 1, 1),
(990, 'jfurzeyre', 'jfurzeyre@wufoo.com', 'Furzey', 'Janet', 'lMRFP8P4Z', NULL, NULL, 1, 1, 1),
(991, 'ncromarrf', 'ncromarrf@prlog.org', 'Cromar', 'Nertie', 'JxLsmtM', NULL, NULL, 1, 1, 1),
(992, 'pstudmanrg', 'pstudmanrg@discuz.net', 'Studman', 'Petey', 'RHT0nl7l4y', NULL, NULL, 1, 1, 1),
(993, 'jchastelrh', 'jchastelrh@springer.com', 'Chastel', 'Jay', 'jLbVn9cDQVbi', NULL, NULL, 1, 1, 1),
(994, 'cwakefordri', 'cwakefordri@squarespace.com', 'Wakeford', 'Crystal', 'sLcjbhpOWO', NULL, NULL, 1, 1, 1),
(995, 'cfallowrj', 'cfallowrj@cornell.edu', 'Fallow', 'Charleen', 'QdVAkZApRwAs', NULL, NULL, 1, 1, 1),
(996, 'sbollisrk', 'sbollisrk@tamu.edu', 'Bollis', 'Saleem', 'yLiWCImeRm', NULL, NULL, 1, 1, 1),
(997, 'alashbrookrl', 'alashbrookrl@rambler.ru', 'Lashbrook', 'Abba', '83Urdb', NULL, NULL, 1, 1, 1),
(998, 'wakasterrm', 'wakasterrm@cdbaby.com', 'Akaster', 'Wilone', 'AYnPqSs', NULL, NULL, 1, 1, 1),
(999, 'btonksrn', 'btonksrn@zimbio.com', 'Tonks', 'Beilul', '9PcHIPM8o16', NULL, NULL, 1, 1, 1),
(1000, 'mblockeyro', 'mblockeyro@google.com.au', 'Blockey', 'Meghann', 'huN0YH8iLwaI', NULL, NULL, 1, 1, 1),
(1001, 'tklemenzrp', 'tklemenzrp@arstechnica.com', 'Klemenz', 'Theo', 'MEgwWV1OL', NULL, NULL, 1, 1, 1),
(1002, 'eaitkinrq', 'eaitkinrq@twitter.com', 'Aitkin', 'Eveline', 'GmoMT3Wi8', NULL, NULL, 1, 1, 1),
(1003, 'tlefevrerr', 'tlefevrerr@huffingtonpost.com', 'Le Fevre', 'Trenna', 'xVWUFK', NULL, NULL, 1, 1, 1),
(1005, 'Pierrot', 'pierrick.loiacono@gmail.com', 'LOIACONO', '', '$2y$10$NyfjThJreTvjwWgvbkpNFeCxPTELlPtVw9BVE8oNCkR86AoQ15oue', '', '', 1, 2, 1);

--
-- Index pour les tables exportées
--

--
-- Index pour la table `image_item`
--
ALTER TABLE `image_item`
  ADD PRIMARY KEY (`id`);

--
-- Index pour la table `image_user`
--
ALTER TABLE `image_user`
  ADD PRIMARY KEY (`id`);

--
-- Index pour la table `item`
--
ALTER TABLE `item`
  ADD PRIMARY KEY (`id`),
  ADD KEY `author` (`author`),
  ADD KEY `type` (`type`),
  ADD KEY `image` (`image`);

--
-- Index pour la table `like_system`
--
ALTER TABLE `like_system`
  ADD PRIMARY KEY (`id`),
  ADD KEY `author` (`author`),
  ADD KEY `item` (`item`);

--
-- Index pour la table `rank`
--
ALTER TABLE `rank`
  ADD PRIMARY KEY (`id`);

--
-- Index pour la table `type`
--
ALTER TABLE `type`
  ADD PRIMARY KEY (`id`);

--
-- Index pour la table `user`
--
ALTER TABLE `user`
  ADD PRIMARY KEY (`id`),
  ADD KEY `rank` (`rank`),
  ADD KEY `image` (`image`);

--
-- AUTO_INCREMENT pour les tables exportées
--

--
-- AUTO_INCREMENT pour la table `image_item`
--
ALTER TABLE `image_item`
  MODIFY `id` int(11) NOT NULL AUTO_INCREMENT, AUTO_INCREMENT=9;
--
-- AUTO_INCREMENT pour la table `image_user`
--
ALTER TABLE `image_user`
  MODIFY `id` int(11) NOT NULL AUTO_INCREMENT, AUTO_INCREMENT=3;
--
-- AUTO_INCREMENT pour la table `item`
--
ALTER TABLE `item`
  MODIFY `id` int(11) NOT NULL AUTO_INCREMENT, AUTO_INCREMENT=8;
--
-- AUTO_INCREMENT pour la table `like_system`
--
ALTER TABLE `like_system`
  MODIFY `id` int(11) NOT NULL AUTO_INCREMENT, AUTO_INCREMENT=48;
--
-- AUTO_INCREMENT pour la table `rank`
--
ALTER TABLE `rank`
  MODIFY `id` int(11) NOT NULL AUTO_INCREMENT, AUTO_INCREMENT=4;
--
-- AUTO_INCREMENT pour la table `type`
--
ALTER TABLE `type`
  MODIFY `id` int(11) NOT NULL AUTO_INCREMENT, AUTO_INCREMENT=3;
--
-- AUTO_INCREMENT pour la table `user`
--
ALTER TABLE `user`
  MODIFY `id` int(11) NOT NULL AUTO_INCREMENT, AUTO_INCREMENT=1006;
--
-- Contraintes pour les tables exportées
--

--
-- Contraintes pour la table `item`
--
ALTER TABLE `item`
  ADD CONSTRAINT `item_ibfk_1` FOREIGN KEY (`author`) REFERENCES `user` (`id`),
  ADD CONSTRAINT `item_ibfk_2` FOREIGN KEY (`type`) REFERENCES `type` (`id`),
  ADD CONSTRAINT `item_ibfk_3` FOREIGN KEY (`image`) REFERENCES `image_item` (`id`);

--
-- Contraintes pour la table `like_system`
--
ALTER TABLE `like_system`
  ADD CONSTRAINT `like_system_ibfk_1` FOREIGN KEY (`author`) REFERENCES `user` (`id`),
  ADD CONSTRAINT `like_system_ibfk_2` FOREIGN KEY (`item`) REFERENCES `item` (`id`),
  ADD CONSTRAINT `like_system_ibfk_3` FOREIGN KEY (`author`) REFERENCES `user` (`id`),
  ADD CONSTRAINT `like_system_ibfk_4` FOREIGN KEY (`item`) REFERENCES `item` (`id`);

--
-- Contraintes pour la table `user`
--
ALTER TABLE `user`
  ADD CONSTRAINT `user_ibfk_1` FOREIGN KEY (`rank`) REFERENCES `rank` (`id`),
  ADD CONSTRAINT `user_ibfk_2` FOREIGN KEY (`image`) REFERENCES `image_user` (`id`);

/*!40101 SET CHARACTER_SET_CLIENT=@OLD_CHARACTER_SET_CLIENT */;
/*!40101 SET CHARACTER_SET_RESULTS=@OLD_CHARACTER_SET_RESULTS */;
/*!40101 SET COLLATION_CONNECTION=@OLD_COLLATION_CONNECTION */;
